Annual Card Turnover,Average Transaction Amount,MCC Code,Is Registered,Accepts Card,Current Provider,Mastercard Debit,Visa Debit,Mastercard Credit,Visa Credit,Mastercard Business Debit,Visa Business Debit
100000,10,5812,Yes,Yes,sumup, 0.55% + 2p, 0.55% + 2p, 0.9% + 2p, 0.9% + 2p, 1.25% + 2p, 1.25% + 2p
10000,1000,5561,Yes,Yes,barclaycard, 1.75% + 0p, 1.75% + 0p, 1.75% + 0p, 1.75% + 0p, 1.75% + 0p, 1.75% + 0p
60000,307,5734,Yes,Yes,sumup, 0.42% + 3p, 0.42% + 3p, 0.96% + 3p, 0.96% + 3p, 1.45% + 3p, 1.45% + 3p
800000,30,8021,Yes,Yes,revolut, 0.28% + 2p, 0.28% + 2p, 0.7% + 2p, 0.7% + 2p, 1% + 2p, 1% + 2p
400000,7,5812,Yes,Yes,accept cards, 0.4% + 2p, 0.4% + 2p, 0.8% + 2p, 0.8% + 2p, 1.05% + 2p, 1.05% + 2p
100000,15,6012,No,Yes,barclaycard, 1.5% + 0p, 1.5% + 0p, 1.5% + 0p, 1.5% + 0p, 1.5% + 0p, 1.5% + 0p
20000,80,5812,Yes,No,null, 1% + 0p, 1% + 0p, 1% + 0p, 1% + 0p, 1% + 0p, 1% + 0p
200000,5000,1520,Yes,No,null, 0.42% + 3p, 0.42% + 3p, 0.96% + 3p, 0.96% + 3p, 1.45% + 3p, 1.45% + 3p
5000,10,8661,Yes,No,null, 1.75% + 0p, 1.75% + 0p, 1.75% + 0p, 1.75% + 0p, 1.75% + 0p, 1.75% + 0p
2000000,2478,5812,Yes,Yes,dojo, 0.27% + 2p, 0.27% + 2p, 0.55% + 2p, 0.55% + 2p, 0.95% + 2p, 0.95% + 2p
1200000,40,5085,Yes,Yes,elavon, 0.28% + 2p, 0.28% + 2p, 0.7% + 2p, 0.7% + 2p, 1% + 2p, 1% + 2p
300000,200,5651,Yes,No,null, 0.39% + 3p, 0.39% + 3p, 0.89% + 3p, 0.89% + 3p, 1.75% + 3p, 1.75% + 3p
20000,120,7230,No,Yes,sumup, 1% + 0p, 1% + 0p, 1% + 0p, 1% + 0p, 1% + 0p, 1% + 0p
135000,625,7699,No,Yes,Clover, 0.55% + 2p, 0.55% + 2p, 0.9% + 2p, 0.9% + 2p, 1.25% + 2p, 1.25% + 2p
20000,40,5812,Yes,No,null, 0.8% + 2p, 0.8% + 2p, 0.8% + 2p, 0.8% + 2p, 2.6% + 2p, 2.6% + 2p
80000,50,5945,No,Yes,evo, 0.49% + 2.5p, 0.49% + 2.5p, 0.9% + 2.5p, 0.9% + 2.5p, 2.2% + 2.5p, 2.2% + 2.5p
125000,34,5814,Yes,No,null, 0.8% + 2p, 0.8% + 2p, 0.8% + 2p, 0.8% + 2p, 2.6% + 2p, 2.6% + 2p
365000,11,5411,Yes,Yes,NatWest Tyl, 0.42% + 2p, 0.42% + 2p, 0.8% + 2p, 0.8% + 2p, 1.1% + 2p, 1.1% + 2p
50000,2500,5511,Yes,No,null, 0.6% + 2p, 0.6% + 2p, 0.9% + 2p, 0.9% + 2p, 1.35% + 2p, 1.35% + 2p
500,2000,6513,No,Yes,revolut, 1.5% + 0p, 1.5% + 0p, 1.5% + 0p, 1.5% + 0p, 1.5% + 0p, 1.5% + 0p
20000,10,7230,No,No,null, 1.75% + 0p, 1.75% + 0p, 1.75% + 0p, 1.75% + 0p, 1.75% + 0p, 1.75% + 0p
2500000,8000,5712,Yes,No,null, 0.4% + 2p, 0.4% + 2p, 0.8% + 2p, 0.8% + 2p, 1.05% + 2p, 1.05% + 2p
500000,4000,8999,Yes,No,null, 0.4% + 2p, 0.4% + 2p, 0.8% + 2p, 0.8% + 2p, 1.05% + 2p, 1.05% + 2p
10000,1000,1711,No,No,null, 1.5% + 0p, 1.5% + 0p, 1.5% + 0p, 1.5% + 0p, 1.5% + 0p, 1.5% + 0p
50000,5000,5511,Yes,No,null, 1% + 0p, 1% + 0p, 1% + 0p, 1% + 0p, 1% + 0p, 1% + 0p
250000,30,5462,Yes,No,null, 0.39% + 3p, 0.39% + 3p, 0.89% + 3p, 0.89% + 3p, 1.75% + 3p, 1.75% + 3p
150000,30,5421,No,Yes,sumup, 0.5% + 2p, 0.5% + 2p, 0.85% + 2p, 0.85% + 2p, 1.2% + 2p, 1.2% + 2p
45000,15,7230,No,Yes,dojo, 0.49% + 2.5p, 0.49% + 2.5p, 0.9% + 2.5p, 0.9% + 2.5p, 2.2% + 2.5p, 2.2% + 2.5p
12000,15,5411,No,No,null, 1% + 0p, 1% + 0p, 1% + 0p, 1% + 0p, 1% + 0p, 1% + 0p
480000,2,5411,No,Yes,worldpay, 0.99% + 0p, 0.99% + 0p, 0.99% + 0p, 0.99% + 0p, 1.99% + 0p, 1.99% + 0p
200000,1000,7375,Yes,Yes,wise, 0.55% + 2p, 0.55% + 2p, 0.9% + 2p, 0.9% + 2p, 1.25% + 2p, 1.25% + 2p
300000,750,5571,Yes,Yes,Takepayments, 0.42% + 2p, 0.42% + 2p, 0.8% + 2p, 0.8% + 2p, 1.1% + 2p, 1.1% + 2p
550000,55,8011,Yes,Yes,dojo, 0.39% + 3p, 0.39% + 3p, 0.89% + 3p, 0.89% + 3p, 1.75% + 3p, 1.75% + 3p
10000,5,4121,No,No,null, 1.5% + 0p, 1.5% + 0p, 1.5% + 0p, 1.5% + 0p, 1.5% + 0p, 1.5% + 0p
5000,5,8398,No,No,null, 1.75% + 0p, 1.75% + 0p, 1.75% + 0p, 1.75% + 0p, 1.75% + 0p, 1.75% + 0p
80000,500,7011,Yes,Yes,barclaycard, 0.49% + 2.5p, 0.49% + 2.5p, 0.9% + 2.5p, 0.9% + 2.5p, 2.2% + 2.5p, 2.2% + 2.5p
100000,100,5812,Yes,No,null, 1% + 0p, 1% + 0p, 1% + 0p, 1% + 0p, 1% + 0p, 1% + 0p
200000,20,5812,Yes,Yes,dojo, 1.69% + 0p, 1.69% + 0p, 1.69% + 0p, 1.69% + 0p, 1.69% + 0p, 1.69% + 0p
28000,10,5462,No,No,null, 1.5% + 0p, 1.5% + 0p, 1.5% + 0p, 1.5% + 0p, 1.5% + 0p, 1.5% + 0p
250000,8,5441,Yes,Yes,lloyds, 0.45% + 2p, 0.45% + 2p, 0.8% + 2p, 0.8% + 2p, 1.15% + 2p, 1.15% + 2p
100000,10,5813,No,No,null, 1% + 0p, 1% + 0p, 1% + 0p, 1% + 0p, 1% + 0p, 1% + 0p
20000,10,7379,Yes,Yes,Square up, 1% + 0p, 1% + 0p, 1% + 0p, 1% + 0p, 1% + 0p, 1% + 0p
730000,80,5941,Yes,Yes,barclaycard, 0.42% + 2.5p, 0.42% + 2.5p, 0.78% + 2.5p, 0.78% + 2.5p, 2% + 2.5p, 2% + 2.5p
10000,20,5812,Yes,Yes,worldpay, 1.69% + 0p, 1.69% + 0p, 1.69% + 0p, 1.69% + 0p, 1.69% + 0p, 1.69% + 0p
25000,50,7922,No,No,null, 1.5% + 0p, 1.5% + 0p, 1.5% + 0p, 1.5% + 0p, 1.5% + 0p, 1.5% + 0p
200,28,8742,Yes,Yes,evo, 1.69% + 0p, 1.69% + 0p, 1.69% + 0p, 1.69% + 0p, 1.69% + 0p, 1.69% + 0p
80000,50,7230,Yes,Yes,barclaycard, 1.69% + 0p, 1.69% + 0p, 1.69% + 0p, 1.69% + 0p, 1.69% + 0p, 1.69% + 0p
50000,20,5192,No,No,null, 1.5% + 0p, 1.5% + 0p, 1.5% + 0p, 1.5% + 0p, 1.5% + 0p, 1.5% + 0p
300000,20,5995,Yes,Yes,dojo, 0.39% + 3p, 0.39% + 3p, 0.89% + 3p, 0.89% + 3p, 1.75% + 3p, 1.75% + 3p
12000,2000,3444,Yes,No,null, 1% + 0p, 1% + 0p, 1% + 0p, 1% + 0p, 1% + 0p, 1% + 0p
100000,400,5921,No,Yes,elavon, 0.55% + 2p, 0.55% + 2p, 0.9% + 2p, 0.9% + 2p, 1.25% + 2p, 1.25% + 2p
70000,20,7230,No,Yes,globalpayments, 0.49% + 2.5p, 0.49% + 2.5p, 0.9% + 2.5p, 0.9% + 2.5p, 2.2% + 2.5p, 2.2% + 2.5p
300000,10,5813,Yes,Yes,worldpay, 0.4% + 3p, 0.4% + 3p, 0.9% + 3p, 0.9% + 3p, 2% + 3p, 2% + 3p
800000,40,5812,Yes,Yes,Payment safe, 0.28% + 2p, 0.28% + 2p, 0.7% + 2p, 0.7% + 2p, 1% + 2p, 1% + 2p
2100000,3000,5712,Yes,Yes,sumup, 0.41% + 2.5p, 0.41% + 2.5p, 0.75% + 2.5p, 0.75% + 2.5p, 2% + 2.5p, 2% + 2.5p
25000,350,742,No,Yes,square, 1.69% + 0p, 1.69% + 0p, 1.69% + 0p, 1.69% + 0p, 1.69% + 0p, 1.69% + 0p
37908,10000,1520,Yes,Yes,barclaycard, 1.5% + 0p, 1.5% + 0p, 1.5% + 0p, 1.5% + 0p, 1.5% + 0p, 1.5% + 0p
1000000,500,7371,Yes,No,null, 0.28% + 2p, 0.28% + 2p, 0.7% + 2p, 0.7% + 2p, 1% + 2p, 1% + 2p
120000,15,7225,Yes,Yes,Payeat , 1% + 0p, 1% + 0p, 1% + 0p, 1% + 0p, 2% + 0p, 2% + 0p
5000,250,7349,No,No,null, 1.69% + 0p, 1.69% + 0p, 1.69% + 0p, 1.69% + 0p, 1.69% + 0p, 1.69% + 0p
640000,80,7538,No,No,null, 0.35% + 2p, 0.35% + 2p, 0.75% + 2p, 0.75% + 2p, 1% + 2p, 1% + 2p
50000,310,6513,Yes,Yes,Natwest, 0.49% + 2.5p, 0.49% + 2.5p, 0.9% + 2.5p, 0.9% + 2.5p, 2.2% + 2.5p, 2.2% + 2.5p
300000,150,4121,No,Yes,elavon, 0.42% + 2p, 0.42% + 2p, 0.8% + 2p, 0.8% + 2p, 1.1% + 2p, 1.1% + 2p
50000,11,5814,Yes,No,null, 0.65% + 2p, 0.65% + 2p, 1.05% + 2p, 1.05% + 2p, 1.4% + 2p, 1.4% + 2p
48000,3000,1542,Yes,Yes,Teya, 0.49% + 2.5p, 0.49% + 2.5p, 0.9% + 2.5p, 0.9% + 2.5p, 2.2% + 2.5p, 2.2% + 2.5p
4000,73,5533,Yes,No,null, 0.8% + 2p, 0.8% + 2p, 0.8% + 2p, 0.8% + 2p, 2.6% + 2p, 2.6% + 2p
120000,15,5993,No,Yes,dojo, 0.5% + 2p, 0.5% + 2p, 0.85% + 2p, 0.85% + 2p, 1.2% + 2p, 1.2% + 2p
8000,30,5813,No,No,null, 1.5% + 0p, 1.5% + 0p, 1.5% + 0p, 1.5% + 0p, 1.5% + 0p, 1.5% + 0p
250000,3000,5211,Yes,No,null, 1.5% + 0p, 1.5% + 0p, 1.5% + 0p, 1.5% + 0p, 1.5% + 0p, 1.5% + 0p
2500,30,5999,No,No,null, 1.69% + 0p, 1.69% + 0p, 1.69% + 0p, 1.69% + 0p, 1.69% + 0p, 1.69% + 0p
1000,190,8299,Yes,No,null, 1.69% + 0p, 1.69% + 0p, 1.69% + 0p, 1.69% + 0p, 1.69% + 0p, 1.69% + 0p
5000,20,5944,No,No,null, 1.5% + 0p, 1.5% + 0p, 1.5% + 0p, 1.5% + 0p, 1.5% + 0p, 1.5% + 0p
200000,10,5814,Yes,Yes,globalpayments, 0.45% + 2p, 0.45% + 2p, 0.85% + 2p, 0.85% + 2p, 1.15% + 2p, 1.15% + 2p
100000,150,5499,No,No,null, 0.4% + 3p, 0.4% + 3p, 1% + 3p, 1% + 3p, 2.1% + 3p, 2.1% + 3p
170000,12,5813,Yes,Yes,barclaycard, 0.39% + 3p, 0.39% + 3p, 0.89% + 3p, 0.89% + 3p, 1.75% + 3p, 1.75% + 3p
1000,25,7941,No,No,null, 1.69% + 0p, 1.69% + 0p, 1.69% + 0p, 1.69% + 0p, 1.69% + 0p, 1.69% + 0p
80000,30,780,No,Yes,sumup, 1% + 0p, 1% + 0p, 1% + 0p, 1% + 0p, 1% + 0p, 1% + 0p
1200000,30,5467,Yes,Yes,elavon, 0.4% + 2.5p, 0.4% + 2.5p, 0.78% + 2.5p, 0.78% + 2.5p, 2.1% + 2.5p, 2.1% + 2.5p
200000,17,5812,No,No,null, 1.75% + 0p, 1.75% + 0p, 1.75% + 0p, 1.75% + 0p, 1.75% + 0p, 1.75% + 0p
25000,50,7211,No,No,null, 1% + 0p, 1% + 0p, 1% + 0p, 1% + 0p, 1% + 0p, 1% + 0p
1500000,400,5944,Yes,Yes,barclaycard, 0.36% + 3p, 0.36% + 3p, 0.81% + 3p, 0.81% + 3p, 1.69% + 3p, 1.69% + 3p
350000,10,5411,Yes,Yes,dojo, 0.43% + 2.5p, 0.43% + 2.5p, 0.83% + 2.5p, 0.83% + 2.5p, 2% + 2.5p, 2% + 2.5p
250000,8000,5712,Yes,Yes,barclaycard, 0.43% + 2.5p, 0.43% + 2.5p, 0.83% + 2.5p, 0.83% + 2.5p, 2% + 2.5p, 2% + 2.5p
150000,9,5814,Yes,Yes,Takepayments, 0.4% + 2.5p, 0.4% + 2.5p, 0.78% + 2.5p, 0.78% + 2.5p, 2.1% + 2.5p, 2.1% + 2.5p
250000,15,5812,Yes,Yes,sumup, 0.39% + 3p, 0.39% + 3p, 0.89% + 3p, 0.89% + 3p, 1.75% + 3p, 1.75% + 3p
156000,15,5499,Yes,Yes,dojo, 0.4% + 2.5p, 0.4% + 2.5p, 0.78% + 2.5p, 0.78% + 2.5p, 2.1% + 2.5p, 2.1% + 2.5p
180000,75,8021,Yes,Yes,other, 0.39% + 3p, 0.39% + 3p, 0.89% + 3p, 0.89% + 3p, 1.75% + 3p, 1.75% + 3p
8000,5,7230,No,No,null, 1.5% + 0p, 1.5% + 0p, 1.5% + 0p, 1.5% + 0p, 1.5% + 0p, 1.5% + 0p
5000,30,5944,No,Yes,revolut, 1.69% + 0p, 1.69% + 0p, 1.69% + 0p, 1.69% + 0p, 1.69% + 0p, 1.69% + 0p
18000,30,8099,Yes,No,null, 1.5% + 0p, 1.5% + 0p, 1.5% + 0p, 1.5% + 0p, 1.5% + 0p, 1.5% + 0p
200000,200,5812,Yes,Yes,revolut, 0.39% + 3p, 0.39% + 3p, 0.89% + 3p, 0.89% + 3p, 1.75% + 3p, 1.75% + 3p
1000,15,5462,No,No,null, 1.69% + 0p, 1.69% + 0p, 1.69% + 0p, 1.69% + 0p, 1.69% + 0p, 1.69% + 0p
500000,60,5812,Yes,Yes,Cardsaver , 0.4% + 2p, 0.4% + 2p, 0.8% + 2p, 0.8% + 2p, 1.05% + 2p, 1.05% + 2p
150000,7,5422,Yes,Yes,barclaycard, 0.39% + 3p, 0.39% + 3p, 0.89% + 3p, 0.89% + 3p, 1.75% + 3p, 1.75% + 3p
500000,2000,5511,Yes,Yes,elavon, 0.45% + 2p, 0.45% + 2p, 0.85% + 2p, 0.85% + 2p, 1.15% + 2p, 1.15% + 2p
150000,333,7011,Yes,Yes,firstdata, 0.4% + 2.5p, 0.4% + 2.5p, 0.78% + 2.5p, 0.78% + 2.5p, 2.1% + 2.5p, 2.1% + 2.5p
10000,5,5993,No,No,null, 1.5% + 0p, 1.5% + 0p, 1.5% + 0p, 1.5% + 0p, 1.5% + 0p, 1.5% + 0p
60000,1500,1750,Yes,Yes,worldpay, 0.42% + 3p, 0.42% + 3p, 0.96% + 3p, 0.96% + 3p, 1.45% + 3p, 1.45% + 3p
380000,15,5812,No,Yes,dojo, 0.42% + 2p, 0.42% + 2p, 0.8% + 2p, 0.8% + 2p, 1.1% + 2p, 1.1% + 2p
1000,10,5945,No,No,null, 1.5% + 0p, 1.5% + 0p, 1.5% + 0p, 1.5% + 0p, 1.5% + 0p, 1.5% + 0p
120000,15,5431,Yes,No,null, 0.55% + 2p, 0.55% + 2p, 0.9% + 2p, 0.9% + 2p, 1.25% + 2p, 1.25% + 2p
720000,50,5812,No,Yes,dojo, 0.35% + 2p, 0.35% + 2p, 0.75% + 2p, 0.75% + 2p, 1% + 2p, 1% + 2p
35000,200,8011,Yes,No,null, 1.69% + 0p, 1.69% + 0p, 1.69% + 0p, 1.69% + 0p, 1.69% + 0p, 1.69% + 0p
20000,1500,5712,Yes,No,null, 1.69% + 0p, 1.69% + 0p, 1.69% + 0p, 1.69% + 0p, 1.69% + 0p, 1.69% + 0p
250000,500,780,Yes,Yes,Stripe, 0.4% + 3p, 0.4% + 3p, 0.9% + 3p, 0.9% + 3p, 2% + 3p, 2% + 3p
100000,12,5812,No,No,null, 1.75% + 0p, 1.75% + 0p, 1.75% + 0p, 1.75% + 0p, 1.75% + 0p, 1.75% + 0p
40000,100,7534,No,No,null, 0.49% + 2.5p, 0.49% + 2.5p, 0.9% + 2.5p, 0.9% + 2.5p, 2.2% + 2.5p, 2.2% + 2.5p
1200000,750,4722,Yes,Yes,revolut, 0.28% + 2p, 0.28% + 2p, 0.7% + 2p, 0.7% + 2p, 1% + 2p, 1% + 2p
10000,18,5812,Yes,Yes,elavon, 1.69% + 0p, 1.69% + 0p, 1.69% + 0p, 1.69% + 0p, 1.69% + 0p, 1.69% + 0p
10000,15,7230,No,No,null, 0.8% + 2p, 0.8% + 2p, 0.8% + 2p, 0.8% + 2p, 2.6% + 2p, 2.6% + 2p
200000,94,7535,No,Yes,zettle, 0.45% + 2p, 0.45% + 2p, 0.85% + 2p, 0.85% + 2p, 1.15% + 2p, 1.15% + 2p
30000,15,4121,No,No,null, 1.69% + 0p, 1.69% + 0p, 1.69% + 0p, 1.69% + 0p, 1.69% + 0p, 1.69% + 0p
400000,8,5411,No,Yes,dojo, 0.4% + 2p, 0.4% + 2p, 0.8% + 2p, 0.8% + 2p, 1.05% + 2p, 1.05% + 2p
1000,5,8398,No,No,null, 1.5% + 0p, 1.5% + 0p, 1.5% + 0p, 1.5% + 0p, 1.5% + 0p, 1.5% + 0p
10000,20,5814,No,No,null, 1.5% + 0p, 1.5% + 0p, 1.5% + 0p, 1.5% + 0p, 1.5% + 0p, 1.5% + 0p
20000,20,5945,No,No,null, 1.69% + 0p, 1.69% + 0p, 1.69% + 0p, 1.69% + 0p, 1.69% + 0p, 1.69% + 0p
10000,15,5999,No,No,null, 0.8% + 2p, 0.8% + 2p, 0.8% + 2p, 0.8% + 2p, 2.6% + 2p, 2.6% + 2p
100000,3000,5511,Yes,No,null, 0.4% + 2.5p, 0.4% + 2.5p, 0.78% + 2.5p, 0.78% + 2.5p, 2.1% + 2.5p, 2.1% + 2.5p
5000,2,5812,No,No,null, 1.75% + 0p, 1.75% + 0p, 1.75% + 0p, 1.75% + 0p, 1.75% + 0p, 1.75% + 0p
20000,10,5462,Yes,Yes,Zettle, 1.69% + 0p, 1.69% + 0p, 1.69% + 0p, 1.69% + 0p, 1.69% + 0p, 1.69% + 0p
800000,30,5511,No,No,null, 0.28% + 2p, 0.28% + 2p, 0.7% + 2p, 0.7% + 2p, 1% + 2p, 1% + 2p
100000,15,5812,No,No,null, 1.69% + 0p, 1.69% + 0p, 1.69% + 0p, 1.69% + 0p, 1.69% + 0p, 1.69% + 0p
8000,20,7230,Yes,No,null, 1.69% + 0p, 1.69% + 0p, 1.69% + 0p, 1.69% + 0p, 1.69% + 0p, 1.69% + 0p
500,10,8099,Yes,No,null, 1.69% + 0p, 1.69% + 0p, 1.69% + 0p, 1.69% + 0p, 1.69% + 0p, 1.69% + 0p
8000,40,750,No,Yes,zettle, 1.69% + 0p, 1.69% + 0p, 1.69% + 0p, 1.69% + 0p, 1.69% + 0p, 1.69% + 0p
60000,4,5931,No,Yes,dojo, 0.6% + 2p, 0.6% + 2p, 0.9% + 2p, 0.9% + 2p, 1.35% + 2p, 1.35% + 2p
13000,600,780,No,Yes,revolut, 1.5% + 0p, 1.5% + 0p, 1.5% + 0p, 1.5% + 0p, 1.5% + 0p, 1.5% + 0p
2200000,20,5812,Yes,Yes,barclaycard, 0.36% + 3p, 0.36% + 3p, 0.81% + 3p, 0.81% + 3p, 1.69% + 3p, 1.69% + 3p
220000,14,5812,No,Yes,Zettle, 0.4% + 2.5p, 0.4% + 2.5p, 0.78% + 2.5p, 0.78% + 2.5p, 2.1% + 2.5p, 2.1% + 2.5p
50000,70,5651,No,Yes,worldpay, 1% + 0p, 1% + 0p, 1% + 0p, 1% + 0p, 1% + 0p, 1% + 0p
370000,15,5812,Yes,Yes,dojo, 0.43% + 2.5p, 0.43% + 2.5p, 0.83% + 2.5p, 0.83% + 2.5p, 2% + 2.5p, 2% + 2.5p
50000,100,7922,No,No,null, 1.69% + 0p, 1.69% + 0p, 1.69% + 0p, 1.69% + 0p, 1.69% + 0p, 1.69% + 0p
1000,3,7299,No,No,null, 1.69% + 0p, 1.69% + 0p, 1.69% + 0p, 1.69% + 0p, 1.69% + 0p, 1.69% + 0p
35000,68,5651,No,Yes,worldpay, 0.7% + 2p, 0.7% + 2p, 1.1% + 2p, 1.1% + 2p, 1.4% + 2p, 1.4% + 2p
1500000,2168,5039,Yes,Yes,worldpay, 0.28% + 2p, 0.28% + 2p, 0.7% + 2p, 0.7% + 2p, 1% + 2p, 1% + 2p
650000,8,5311,No,Yes,worldpay, 0.28% + 2p, 0.28% + 2p, 0.7% + 2p, 0.7% + 2p, 1% + 2p, 1% + 2p
200000,20,5812,No,No,null, 1.5% + 0p, 1.5% + 0p, 1.5% + 0p, 1.5% + 0p, 1.5% + 0p, 1.5% + 0p
3000,50,5814,Yes,Yes,evo, 1.69% + 0p, 1.69% + 0p, 1.69% + 0p, 1.69% + 0p, 1.69% + 0p, 1.69% + 0p
500000,20,5813,Yes,Yes,lloyds, 0.4% + 2p, 0.4% + 2p, 0.8% + 2p, 0.8% + 2p, 1.05% + 2p, 1.05% + 2p
100000,1000,7512,Yes,Yes,Stripe, 0.4% + 2.5p, 0.4% + 2.5p, 0.78% + 2.5p, 0.78% + 2.5p, 2.1% + 2.5p, 2.1% + 2.5p
1000,15,5945,No,No,null, 1.69% + 0p, 1.69% + 0p, 1.69% + 0p, 1.69% + 0p, 1.69% + 0p, 1.69% + 0p
1200000,15,5441,Yes,Yes,dojo, 0.28% + 2p, 0.28% + 2p, 0.7% + 2p, 0.7% + 2p, 1% + 2p, 1% + 2p
38000,20,7230,No,No,null, 0.5% + 3p, 0.5% + 3p, 1.2% + 3p, 1.2% + 3p, 2.2% + 3p, 2.2% + 3p
5000,10,5811,Yes,No,null, 0.8% + 2p, 0.8% + 2p, 0.8% + 2p, 0.8% + 2p, 2.6% + 2p, 2.6% + 2p
24000,5,7997,No,Yes,sumup, 1.5% + 0p, 1.5% + 0p, 1.5% + 0p, 1.5% + 0p, 1.5% + 0p, 1.5% + 0p
110000,7,5462,Yes,Yes,Tyl by NatWest , 0.5% + 2p, 0.5% + 2p, 0.85% + 2p, 0.85% + 2p, 1.2% + 2p, 1.2% + 2p
350000,20,5499,No,Yes,dojo, 0.42% + 2p, 0.42% + 2p, 0.8% + 2p, 0.8% + 2p, 1.1% + 2p, 1.1% + 2p
10000,20,5812,No,Yes,sumup, 1% + 0p, 1% + 0p, 1% + 0p, 1% + 0p, 1% + 0p, 1% + 0p
57000000,1500,1522,Yes,Yes,evo, 0.39% + 2.5p, 0.39% + 2.5p, 0.7% + 2.5p, 0.7% + 2.5p, 1.8% + 2.5p, 1.8% + 2.5p
80000,700,6411,Yes,No,null, 0.42% + 3p, 0.42% + 3p, 0.96% + 3p, 0.96% + 3p, 1.45% + 3p, 1.45% + 3p
50000,10,4121,No,No,null, 0.6% + 2p, 0.6% + 2p, 0.9% + 2p, 0.9% + 2p, 1.35% + 2p, 1.35% + 2p
300000,30,7230,Yes,Yes,worldpay, 0.39% + 3p, 0.39% + 3p, 0.89% + 3p, 0.89% + 3p, 1.75% + 3p, 1.75% + 3p
150000,8,8641,Yes,Yes,worldpay, 0.5% + 2p, 0.5% + 2p, 0.85% + 2p, 0.85% + 2p, 1.2% + 2p, 1.2% + 2p
75000,80,5814,Yes,No,null, 0.49% + 2.5p, 0.49% + 2.5p, 0.9% + 2.5p, 0.9% + 2.5p, 2.2% + 2.5p, 2.2% + 2.5p
750000,40,5200,No,No,null, 0.42% + 2.5p, 0.42% + 2.5p, 0.78% + 2.5p, 0.78% + 2.5p, 2% + 2.5p, 2% + 2.5p
300000,200,5812,Yes,Yes,Square, 0.39% + 3p, 0.39% + 3p, 0.89% + 3p, 0.89% + 3p, 1.75% + 3p, 1.75% + 3p
480000,20,5812,Yes,Yes,sumup, 0.39% + 3p, 0.39% + 3p, 0.89% + 3p, 0.89% + 3p, 1.75% + 3p, 1.75% + 3p
15000,180,7011,No,Yes,Lopay, 0.75% + 2p, 0.75% + 2p, 1.15% + 2p, 1.15% + 2p, 1.45% + 2p, 1.45% + 2p
500000,1000,5499,No,No,null, 0.4% + 2p, 0.4% + 2p, 0.8% + 2p, 0.8% + 2p, 1.05% + 2p, 1.05% + 2p
100000,15,5812,No,Yes,globalpayments, 0.4% + 2.5p, 0.4% + 2.5p, 0.78% + 2.5p, 0.78% + 2.5p, 2.1% + 2.5p, 2.1% + 2.5p
400000,35,5735,Yes,Yes,worldpay, 0.4% + 2p, 0.4% + 2p, 0.8% + 2p, 0.8% + 2p, 1.05% + 2p, 1.05% + 2p
80000,100,7997,Yes,Yes,Paypal, 0.39% + 3p, 0.39% + 3p, 0.89% + 3p, 0.89% + 3p, 1.75% + 3p, 1.75% + 3p
950000,1000,5411,Yes,Yes,dojo, 0.28% + 2p, 0.28% + 2p, 0.7% + 2p, 0.7% + 2p, 1% + 2p, 1% + 2p
150000,100,5812,Yes,No,null, 1.5% + 0p, 1.5% + 0p, 1.5% + 0p, 1.5% + 0p, 1.5% + 0p, 1.5% + 0p
300000,45,5812,Yes,Yes,barclaycard, 0.39% + 3p, 0.39% + 3p, 0.89% + 3p, 0.89% + 3p, 1.75% + 3p, 1.75% + 3p
50000,150,7535,No,No,null, 1.5% + 0p, 1.5% + 0p, 1.5% + 0p, 1.5% + 0p, 1.5% + 0p, 1.5% + 0p
20000,18,4121,No,Yes,izettle, 1.69% + 0p, 1.69% + 0p, 1.69% + 0p, 1.69% + 0p, 1.69% + 0p, 1.69% + 0p
300000,20,5812,No,No,null, 0.42% + 2p, 0.42% + 2p, 0.8% + 2p, 0.8% + 2p, 1.1% + 2p, 1.1% + 2p
500,10,8398,No,Yes,sumup, 1.5% + 0p, 1.5% + 0p, 1.5% + 0p, 1.5% + 0p, 1.5% + 0p, 1.5% + 0p
50000,20,5993,Yes,No,null, 0.6% + 2p, 0.6% + 2p, 0.9% + 2p, 0.9% + 2p, 1.35% + 2p, 1.35% + 2p
275000,45,5651,No,Yes,worldpay, 0.45% + 2p, 0.45% + 2p, 0.8% + 2p, 0.8% + 2p, 1.15% + 2p, 1.15% + 2p
100000,20,5499,Yes,Yes,dojo, 0.39% + 3p, 0.39% + 3p, 0.89% + 3p, 0.89% + 3p, 1.75% + 3p, 1.75% + 3p
1000,300,7311,No,No,null, 1.75% + 0p, 1.75% + 0p, 1.75% + 0p, 1.75% + 0p, 1.75% + 0p, 1.75% + 0p
1664000,65,5812,Yes,Yes,dojo, 0.28% + 2p, 0.28% + 2p, 0.7% + 2p, 0.7% + 2p, 1% + 2p, 1% + 2p
700000,15,5812,Yes,Yes,sumup, 0.36% + 3p, 0.36% + 3p, 0.81% + 3p, 0.81% + 3p, 1.69% + 3p, 1.69% + 3p
3000,200,8042,Yes,Yes,Square, 1.5% + 0p, 1.5% + 0p, 1.5% + 0p, 1.5% + 0p, 1.5% + 0p, 1.5% + 0p
110000,10,7399,Yes,Yes,dojo, 0.42% + 3p, 0.42% + 3p, 0.96% + 3p, 0.96% + 3p, 1.45% + 3p, 1.45% + 3p
450000,40,5411,No,No,null, 0.4% + 2p, 0.4% + 2p, 0.8% + 2p, 0.8% + 2p, 1.05% + 2p, 1.05% + 2p
200000,20,5812,Yes,No,null, 0.39% + 3p, 0.39% + 3p, 0.89% + 3p, 0.89% + 3p, 1.75% + 3p, 1.75% + 3p
200000,1200,5713,Yes,Yes,Shopify, 0.4% + 2.5p, 0.4% + 2.5p, 0.78% + 2.5p, 0.78% + 2.5p, 2.1% + 2.5p, 2.1% + 2.5p
20000,300,8011,Yes,No,null, 1.69% + 0p, 1.69% + 0p, 1.69% + 0p, 1.69% + 0p, 1.69% + 0p, 1.69% + 0p
50000,20,5999,No,Yes,sumup, 0.4% + 2.5p, 0.4% + 2.5p, 0.78% + 2.5p, 0.78% + 2.5p, 2.1% + 2.5p, 2.1% + 2.5p
90000,1250,7349,Yes,No,null, 0.55% + 2p, 0.55% + 2p, 0.9% + 2p, 0.9% + 2p, 1.25% + 2p, 1.25% + 2p
250000,25,5999,Yes,Yes,Teya, 0.39% + 3p, 0.39% + 3p, 0.89% + 3p, 0.89% + 3p, 1.75% + 3p, 1.75% + 3p
240000,5,5812,Yes,Yes,Take payments , 0.45% + 2p, 0.45% + 2p, 0.8% + 2p, 0.8% + 2p, 1.15% + 2p, 1.15% + 2p
100000,500,7399,Yes,Yes,Square , 0.4% + 2.5p, 0.4% + 2.5p, 0.78% + 2.5p, 0.78% + 2.5p, 2.1% + 2.5p, 2.1% + 2.5p
15000,150,1711,No,No,null, 1.75% + 0p, 1.75% + 0p, 1.75% + 0p, 1.75% + 0p, 1.75% + 0p, 1.75% + 0p
45000,200,5732,Yes,No,null, 1.75% + 0p, 1.75% + 0p, 1.75% + 0p, 1.75% + 0p, 1.75% + 0p, 1.75% + 0p
2000000,10,5411,Yes,Yes,dojo, 0.41% + 2.5p, 0.41% + 2.5p, 0.75% + 2.5p, 0.75% + 2.5p, 2% + 2.5p, 2% + 2.5p
55000,10,5411,No,No,null, 0.49% + 2.5p, 0.49% + 2.5p, 0.9% + 2.5p, 0.9% + 2.5p, 2.2% + 2.5p, 2.2% + 2.5p
150000,120,5499,Yes,Yes,worldpay, 0.5% + 2p, 0.5% + 2p, 0.85% + 2p, 0.85% + 2p, 1.2% + 2p, 1.2% + 2p
10000,20,5977,No,No,null, 1.69% + 0p, 1.69% + 0p, 1.69% + 0p, 1.69% + 0p, 1.69% + 0p, 1.69% + 0p
50000,20,5651,Yes,No,null, 1.5% + 0p, 1.5% + 0p, 1.5% + 0p, 1.5% + 0p, 1.5% + 0p, 1.5% + 0p
400000,10,5814,No,No,null, 0.4% + 2p, 0.4% + 2p, 0.8% + 2p, 0.8% + 2p, 1.05% + 2p, 1.05% + 2p
4000000,20,5812,Yes,Yes,dojo, 0.27% + 2p, 0.27% + 2p, 0.55% + 2p, 0.55% + 2p, 0.95% + 2p, 0.95% + 2p
60000,60,4789,Yes,No,null, 0.42% + 3p, 0.42% + 3p, 0.96% + 3p, 0.96% + 3p, 1.45% + 3p, 1.45% + 3p
1200,50,7929,No,No,null, 1.75% + 0p, 1.75% + 0p, 1.75% + 0p, 1.75% + 0p, 1.75% + 0p, 1.75% + 0p
300000,2000,5812,Yes,Yes,sumup, 0.39% + 3p, 0.39% + 3p, 0.89% + 3p, 0.89% + 3p, 1.75% + 3p, 1.75% + 3p
10000,15,5651,No,No,null, 0.8% + 2p, 0.8% + 2p, 0.8% + 2p, 0.8% + 2p, 2.6% + 2p, 2.6% + 2p
10000000,250,5812,Yes,No,null, 0.36% + 3p, 0.36% + 3p, 0.81% + 3p, 0.81% + 3p, 1.69% + 3p, 1.69% + 3p
60000,3000,5511,Yes,No,null, 0.49% + 2.5p, 0.49% + 2.5p, 0.9% + 2.5p, 0.9% + 2.5p, 2.2% + 2.5p, 2.2% + 2.5p
100000,10,7230,No,No,null, 0.55% + 2p, 0.55% + 2p, 0.9% + 2p, 0.9% + 2p, 1.25% + 2p, 1.25% + 2p
200000,500,8042,Yes,Yes,worldpay, 0.45% + 2p, 0.45% + 2p, 0.85% + 2p, 0.85% + 2p, 1.15% + 2p, 1.15% + 2p
80000,30,5651,Yes,No,null, 0.49% + 2.5p, 0.49% + 2.5p, 0.9% + 2.5p, 0.9% + 2.5p, 2.2% + 2.5p, 2.2% + 2.5p
350000,1500,7349,Yes,No,null, 0.45% + 2p, 0.45% + 2p, 0.9% + 2p, 0.9% + 2p, 1.15% + 2p, 1.15% + 2p
2000,7,5812,Yes,No,null, 1.69% + 0p, 1.69% + 0p, 1.69% + 0p, 1.69% + 0p, 1.69% + 0p, 1.69% + 0p
1000,4,4121,No,No,null, 1.69% + 0p, 1.69% + 0p, 1.69% + 0p, 1.69% + 0p, 1.69% + 0p, 1.69% + 0p
450000,20,5814,No,No,null, 0.4% + 2p, 0.4% + 2p, 0.8% + 2p, 0.8% + 2p, 1.05% + 2p, 1.05% + 2p
150000,500,5021,Yes,Yes,sumup, 1% + 0p, 1% + 0p, 1% + 0p, 1% + 0p, 1% + 0p, 1% + 0p
60000,20,5311,Yes,No,null, 0.39% + 3p, 0.39% + 3p, 0.89% + 3p, 0.89% + 3p, 1.75% + 3p, 1.75% + 3p
12000,55,5734,No,Yes,worldpay, 1.69% + 0p, 1.69% + 0p, 1.69% + 0p, 1.69% + 0p, 1.69% + 0p, 1.69% + 0p
220000,5,5311,No,Yes,evo, 0.4% + 2.5p, 0.4% + 2.5p, 0.78% + 2.5p, 0.78% + 2.5p, 2.1% + 2.5p, 2.1% + 2.5p
60000,200,7538,Yes,No,null, 0.6% + 2p, 0.6% + 2p, 0.9% + 2p, 0.9% + 2p, 1.35% + 2p, 1.35% + 2p
12000,150,5141,Yes,Yes,sumup, 1.5% + 0p, 1.5% + 0p, 1.5% + 0p, 1.5% + 0p, 1.5% + 0p, 1.5% + 0p
1200000,1500,4829,Yes,No,null, 0.41% + 2.5p, 0.41% + 2.5p, 0.75% + 2.5p, 0.75% + 2.5p, 2% + 2.5p, 2% + 2.5p
500000,8,5411,Yes,Yes,worldpay, 0.4% + 3p, 0.4% + 3p, 0.9% + 3p, 0.9% + 3p, 2% + 3p, 2% + 3p
80000,30,5811,No,No,null, 1.5% + 0p, 1.5% + 0p, 1.5% + 0p, 1.5% + 0p, 1.5% + 0p, 1.5% + 0p
150000,80,7531,Yes,Yes,elavon, 0.4% + 3p, 0.4% + 3p, 1% + 3p, 1% + 3p, 2.1% + 3p, 2.1% + 3p
220000,12,5812,Yes,Yes,dojo, 0.39% + 3p, 0.39% + 3p, 0.89% + 3p, 0.89% + 3p, 1.75% + 3p, 1.75% + 3p
50000,15,5812,No,No,null, 0.8% + 2p, 0.8% + 2p, 0.8% + 2p, 0.8% + 2p, 2.6% + 2p, 2.6% + 2p
20000,30,5814,Yes,Yes,evo, 1.69% + 0p, 1.69% + 0p, 1.69% + 0p, 1.69% + 0p, 1.69% + 0p, 1.69% + 0p
50000,100,7399,Yes,Yes,stripe, 0.6% + 2p, 0.6% + 2p, 0.9% + 2p, 0.9% + 2p, 1.35% + 2p, 1.35% + 2p
110000,90,7011,No,Yes,barclaycard, 0.4% + 2.5p, 0.4% + 2.5p, 0.78% + 2.5p, 0.78% + 2.5p, 2.1% + 2.5p, 2.1% + 2.5p
400000,950,5211,Yes,Yes,barclaycard, 0.42% + 3p, 0.42% + 3p, 0.96% + 3p, 0.96% + 3p, 1.45% + 3p, 1.45% + 3p
10000,30,1520,No,No,null, 1.75% + 0p, 1.75% + 0p, 1.75% + 0p, 1.75% + 0p, 1.75% + 0p, 1.75% + 0p
200000,30,5699,No,Yes,Handepay, 0.4% + 2.5p, 0.4% + 2.5p, 0.78% + 2.5p, 0.78% + 2.5p, 2.1% + 2.5p, 2.1% + 2.5p
120000,500,7538,Yes,Yes,barclaycard, 0.4% + 2.5p, 0.4% + 2.5p, 0.78% + 2.5p, 0.78% + 2.5p, 2.1% + 2.5p, 2.1% + 2.5p
240000,80,7230,Yes,No,null, 0.39% + 3p, 0.39% + 3p, 0.89% + 3p, 0.89% + 3p, 1.75% + 3p, 1.75% + 3p
3000,96,1711,Yes,No,null, 1.75% + 0p, 1.75% + 0p, 1.75% + 0p, 1.75% + 0p, 1.75% + 0p, 1.75% + 0p
50000,45,7230,No,Yes,square, 0.8% + 2p, 0.8% + 2p, 0.8% + 2p, 0.8% + 2p, 2.6% + 2p, 2.6% + 2p
120000,200,4215,Yes,No,null, 1.75% + 0p, 1.75% + 0p, 1.75% + 0p, 1.75% + 0p, 1.75% + 0p, 1.75% + 0p
320000,25,7230,No,No,null, 0.43% + 2.5p, 0.43% + 2.5p, 0.83% + 2.5p, 0.83% + 2.5p, 2% + 2.5p, 2% + 2.5p
52555,52,7216,No,Yes,dojo, 0.8% + 2p, 0.8% + 2p, 0.8% + 2p, 0.8% + 2p, 2.6% + 2p, 2.6% + 2p
50000,20,5812,Yes,No,null, 0.8% + 2p, 0.8% + 2p, 0.8% + 2p, 0.8% + 2p, 2.6% + 2p, 2.6% + 2p
100000,250,8011,Yes,Yes,other, 0.39% + 3p, 0.39% + 3p, 0.89% + 3p, 0.89% + 3p, 1.75% + 3p, 1.75% + 3p
15000,500,8299,Yes,No,null, 1.69% + 0p, 1.69% + 0p, 1.69% + 0p, 1.69% + 0p, 1.69% + 0p, 1.69% + 0p
10000,40,8041,No,No,null, 0.8% + 2p, 0.8% + 2p, 0.8% + 2p, 0.8% + 2p, 2.6% + 2p, 2.6% + 2p
500,100,5734,Yes,No,null, 1.69% + 0p, 1.69% + 0p, 1.69% + 0p, 1.69% + 0p, 1.69% + 0p, 1.69% + 0p
70000,70,7230,No,Yes,sumup, 0.49% + 2.5p, 0.49% + 2.5p, 0.9% + 2.5p, 0.9% + 2.5p, 2.2% + 2.5p, 2.2% + 2.5p
100000,50,7230,No,Yes,Square, 0.4% + 2.5p, 0.4% + 2.5p, 0.78% + 2.5p, 0.78% + 2.5p, 2.1% + 2.5p, 2.1% + 2.5p
200000,8,5814,No,Yes,dojo, 0.45% + 2p, 0.45% + 2p, 0.85% + 2p, 0.85% + 2p, 1.15% + 2p, 1.15% + 2p
2200000,30,5411,Yes,Yes,dojo, 0.27% + 2p, 0.27% + 2p, 0.55% + 2p, 0.55% + 2p, 0.95% + 2p, 0.95% + 2p
50000,350,7531,Yes,No,null, 0.5% + 3p, 0.5% + 3p, 1.2% + 3p, 1.2% + 3p, 2.2% + 3p, 2.2% + 3p
166412,279,1711,No,Yes,sumup, 0.4% + 2.5p, 0.4% + 2.5p, 0.78% + 2.5p, 0.78% + 2.5p, 2.1% + 2.5p, 2.1% + 2.5p
60000,400,7531,Yes,No,null, 0.49% + 2.5p, 0.49% + 2.5p, 0.9% + 2.5p, 0.9% + 2.5p, 2.2% + 2.5p, 2.2% + 2.5p
980000,1780,7999,No,No,null, 0.28% + 2p, 0.28% + 2p, 0.7% + 2p, 0.7% + 2p, 1% + 2p, 1% + 2p
100000,20,5814,Yes,No,null, 0.4% + 2.5p, 0.4% + 2.5p, 0.78% + 2.5p, 0.78% + 2.5p, 2.1% + 2.5p, 2.1% + 2.5p
360000,68,7230,Yes,Yes,Teya, 0.4% + 3p, 0.4% + 3p, 0.9% + 3p, 0.9% + 3p, 2% + 3p, 2% + 3p
100000,65,5814,Yes,Yes,dojo, 0.4% + 2.5p, 0.4% + 2.5p, 0.78% + 2.5p, 0.78% + 2.5p, 2.1% + 2.5p, 2.1% + 2.5p
900000,12,5411,No,Yes,Spire payments , 0.28% + 2p, 0.28% + 2p, 0.7% + 2p, 0.7% + 2p, 1% + 2p, 1% + 2p
60000,5,7997,Yes,Yes,Zettle, 0.49% + 2.5p, 0.49% + 2.5p, 0.9% + 2.5p, 0.9% + 2.5p, 2.2% + 2.5p, 2.2% + 2.5p
550000,20,5411,No,No,null, 0.35% + 2p, 0.35% + 2p, 0.75% + 2p, 0.75% + 2p, 1% + 2p, 1% + 2p
90000,15,5814,Yes,Yes,Barclays?€?s , 0.55% + 2p, 0.55% + 2p, 0.9% + 2p, 0.9% + 2p, 1.25% + 2p, 1.25% + 2p
10000,68,7011,Yes,Yes,Square, 1% + 0p, 1% + 0p, 1% + 0p, 1% + 0p, 1% + 0p, 1% + 0p
10000,10,5945,No,No,null, 1.69% + 0p, 1.69% + 0p, 1.69% + 0p, 1.69% + 0p, 1.69% + 0p, 1.69% + 0p
30000,200,8351,Yes,Yes,firstdata, 0.8% + 2p, 0.8% + 2p, 0.8% + 2p, 0.8% + 2p, 2.6% + 2p, 2.6% + 2p
50000,10,5462,No,No,null, 0.49% + 2.5p, 0.49% + 2.5p, 0.9% + 2.5p, 0.9% + 2.5p, 2.2% + 2.5p, 2.2% + 2.5p
288429,12,5813,Yes,Yes,barclaycard, 0.39% + 3p, 0.39% + 3p, 0.89% + 3p, 0.89% + 3p, 1.75% + 3p, 1.75% + 3p
120000,7,5814,No,Yes,elavon, 0.4% + 2.5p, 0.4% + 2.5p, 0.78% + 2.5p, 0.78% + 2.5p, 2.1% + 2.5p, 2.1% + 2.5p
12000,350,5812,No,No,null, 1.69% + 0p, 1.69% + 0p, 1.69% + 0p, 1.69% + 0p, 1.69% + 0p, 1.69% + 0p
6000,7,7999,Yes,No,null, 1.75% + 0p, 1.75% + 0p, 1.75% + 0p, 1.75% + 0p, 1.75% + 0p, 1.75% + 0p
200000,16,7230,No,Yes,sumup, 0.45% + 2p, 0.45% + 2p, 0.85% + 2p, 0.85% + 2p, 1.15% + 2p, 1.15% + 2p
20000,35,8049,No,No,null, 1.5% + 0p, 1.5% + 0p, 1.5% + 0p, 1.5% + 0p, 1.5% + 0p, 1.5% + 0p
420000,12,5812,No,Yes,square, 0.4% + 2p, 0.4% + 2p, 0.8% + 2p, 0.8% + 2p, 1.05% + 2p, 1.05% + 2p
200,200,5812,Yes,Yes,barclaycard, 1.69% + 0p, 1.69% + 0p, 1.69% + 0p, 1.69% + 0p, 1.69% + 0p, 1.69% + 0p
156000,15,5499,Yes,Yes,dojo, 0.39% + 3p, 0.39% + 3p, 0.89% + 3p, 0.89% + 3p, 1.75% + 3p, 1.75% + 3p
360000,35,5812,Yes,Yes,barclaycard, 0.43% + 2.5p, 0.43% + 2.5p, 0.83% + 2.5p, 0.83% + 2.5p, 2% + 2.5p, 2% + 2.5p
1200000,150,5211,Yes,Yes,lloyds, 0.28% + 2p, 0.28% + 2p, 0.7% + 2p, 0.7% + 2p, 1% + 2p, 1% + 2p
250000,4000,5211,Yes,Yes,worldpay, 0.4% + 3p, 0.4% + 3p, 0.9% + 3p, 0.9% + 3p, 2% + 3p, 2% + 3p
400000,11,5812,Yes,Yes,elavon, 0.4% + 2p, 0.4% + 2p, 0.8% + 2p, 0.8% + 2p, 1.05% + 2p, 1.05% + 2p
50000,12,7997,Yes,No,null, 1.5% + 0p, 1.5% + 0p, 1.5% + 0p, 1.5% + 0p, 1.5% + 0p, 1.5% + 0p
8000,500,7538,Yes,No,null, 1% + 0p, 1% + 0p, 1% + 0p, 1% + 0p, 1% + 0p, 1% + 0p
500000,25,5812,Yes,Yes,Square, 0.4% + 2p, 0.4% + 2p, 0.8% + 2p, 0.8% + 2p, 1.05% + 2p, 1.05% + 2p
60000,30,5422,Yes,Yes,dojo, 0.5% + 3p, 0.5% + 3p, 1.2% + 3p, 1.2% + 3p, 2.2% + 3p, 2.2% + 3p
12000,8,5812,No,No,null, 0.8% + 2p, 0.8% + 2p, 0.8% + 2p, 0.8% + 2p, 2.6% + 2p, 2.6% + 2p
20000,2000,1711,No,No,null, 1% + 0p, 1% + 0p, 1% + 0p, 1% + 0p, 1% + 0p, 1% + 0p
10000,500,1520,Yes,No,null, 1% + 0p, 1% + 0p, 1% + 0p, 1% + 0p, 1% + 0p, 1% + 0p
5000,20,5992,No,No,null, 1.69% + 0p, 1.69% + 0p, 1.69% + 0p, 1.69% + 0p, 1.69% + 0p, 1.69% + 0p
1000,5,5499,No,No,null, 1.5% + 0p, 1.5% + 0p, 1.5% + 0p, 1.5% + 0p, 1.5% + 0p, 1.5% + 0p
3000,20,5812,No,No,null, 1.69% + 0p, 1.69% + 0p, 1.69% + 0p, 1.69% + 0p, 1.69% + 0p, 1.69% + 0p
1200000,70,5812,Yes,Yes,sumup, 0.28% + 2p, 0.28% + 2p, 0.7% + 2p, 0.7% + 2p, 1% + 2p, 1% + 2p
20000,14,5812,No,No,null, 1.5% + 0p, 1.5% + 0p, 1.5% + 0p, 1.5% + 0p, 1.5% + 0p, 1.5% + 0p
400000,2000,5511,Yes,Yes,sumup, 0.4% + 2p, 0.4% + 2p, 0.8% + 2p, 0.8% + 2p, 1.05% + 2p, 1.05% + 2p
50000,25,5812,No,No,null, 0.6% + 2p, 0.6% + 2p, 0.9% + 2p, 0.9% + 2p, 1.35% + 2p, 1.35% + 2p
60000,3000,1711,Yes,Yes,other, 0.6% + 2p, 0.6% + 2p, 0.9% + 2p, 0.9% + 2p, 1.35% + 2p, 1.35% + 2p
60000,20,7375,No,No,null, 0.65% + 2p, 0.65% + 2p, 1.05% + 2p, 1.05% + 2p, 1.4% + 2p, 1.4% + 2p
590000,20,5411,No,No,null, 0.35% + 2p, 0.35% + 2p, 0.75% + 2p, 0.75% + 2p, 1% + 2p, 1% + 2p
12000,800,5812,No,Yes,adyen, 1.69% + 0p, 1.69% + 0p, 1.69% + 0p, 1.69% + 0p, 1.69% + 0p, 1.69% + 0p
50000,200,7531,No,Yes,firstdata, 0.8% + 2p, 0.8% + 2p, 0.8% + 2p, 0.8% + 2p, 2.6% + 2p, 2.6% + 2p
12000,50,5210,No,No,null, 0.8% + 2p, 0.8% + 2p, 0.8% + 2p, 0.8% + 2p, 2.6% + 2p, 2.6% + 2p
700000,50,5812,Yes,Yes,dojo, 0.35% + 2p, 0.35% + 2p, 0.75% + 2p, 0.75% + 2p, 1% + 2p, 1% + 2p
80000,10,5993,Yes,Yes,Square, 0.55% + 2p, 0.55% + 2p, 0.9% + 2p, 0.9% + 2p, 1.25% + 2p, 1.25% + 2p
5000,5,5999,No,No,null, 1.75% + 0p, 1.75% + 0p, 1.75% + 0p, 1.75% + 0p, 1.75% + 0p, 1.75% + 0p
1000,25,7230,No,No,null, 0.8% + 2p, 0.8% + 2p, 0.8% + 2p, 0.8% + 2p, 2.6% + 2p, 2.6% + 2p
20000,10000,5941,Yes,Yes,globalpayments, 1.69% + 0p, 1.69% + 0p, 1.69% + 0p, 1.69% + 0p, 1.69% + 0p, 1.69% + 0p
10000,40,7230,No,No,null, 1.75% + 0p, 1.75% + 0p, 1.75% + 0p, 1.75% + 0p, 1.75% + 0p, 1.75% + 0p
400000,10,5814,No,No,null, 0.4% + 2p, 0.4% + 2p, 0.8% + 2p, 0.8% + 2p, 1.05% + 2p, 1.05% + 2p
100000,900,8931,Yes,Yes,barclaycard, 0.4% + 2.5p, 0.4% + 2.5p, 0.78% + 2.5p, 0.78% + 2.5p, 2.1% + 2.5p, 2.1% + 2.5p
250000,19,5812,No,Yes,globalpayments, 0.45% + 2p, 0.45% + 2p, 0.8% + 2p, 0.8% + 2p, 1.15% + 2p, 1.15% + 2p
80000,100,5691,Yes,Yes,Clover, 0.39% + 3p, 0.39% + 3p, 0.89% + 3p, 0.89% + 3p, 1.75% + 3p, 1.75% + 3p
100000,10,5812,Yes,Yes,globalpayments, 0.39% + 3p, 0.39% + 3p, 0.89% + 3p, 0.89% + 3p, 1.75% + 3p, 1.75% + 3p
100,10,6051,No,No,null, 1.69% + 0p, 1.69% + 0p, 1.69% + 0p, 1.69% + 0p, 1.69% + 0p, 1.69% + 0p
25000,20,7230,Yes,Yes,zettle, 1.69% + 0p, 1.69% + 0p, 1.69% + 0p, 1.69% + 0p, 1.69% + 0p, 1.69% + 0p
100000,50,5651,Yes,No,null, 0.4% + 2.5p, 0.4% + 2.5p, 0.78% + 2.5p, 0.78% + 2.5p, 2.1% + 2.5p, 2.1% + 2.5p
50000,2000,8299,No,Yes,worldpay, 0.6% + 2p, 0.6% + 2p, 0.9% + 2p, 0.9% + 2p, 1.35% + 2p, 1.35% + 2p
260000,180,7531,No,Yes,barclaycard, 0.43% + 2.5p, 0.43% + 2.5p, 0.83% + 2.5p, 0.83% + 2.5p, 2% + 2.5p, 2% + 2.5p
30000,2000,5611,Yes,Yes,square, 0.8% + 2p, 0.8% + 2p, 0.8% + 2p, 0.8% + 2p, 2.6% + 2p, 2.6% + 2p
45000,7,5812,No,Yes,lloyds, 0.49% + 2.5p, 0.49% + 2.5p, 0.9% + 2.5p, 0.9% + 2.5p, 2.2% + 2.5p, 2.2% + 2.5p
450000,30,5499,Yes,Yes,dojo, 0.43% + 2.5p, 0.43% + 2.5p, 0.83% + 2.5p, 0.83% + 2.5p, 2% + 2.5p, 2% + 2.5p
125000,36,5812,No,Yes,sumup, 0.5% + 2p, 0.5% + 2p, 0.85% + 2p, 0.85% + 2p, 1.2% + 2p, 1.2% + 2p
4000,20,5912,Yes,Yes,sumup, 1.69% + 0p, 1.69% + 0p, 1.69% + 0p, 1.69% + 0p, 1.69% + 0p, 1.69% + 0p
2000,5,5941,No,No,null, 1.69% + 0p, 1.69% + 0p, 1.69% + 0p, 1.69% + 0p, 1.69% + 0p, 1.69% + 0p
900000,80,5812,Yes,Yes,dojo, 0.28% + 2p, 0.28% + 2p, 0.7% + 2p, 0.7% + 2p, 1% + 2p, 1% + 2p
900000,85,4950,Yes,No,null, 0.3% + 2p, 0.3% + 2p, 0.8% + 2p, 0.8% + 2p, 1% + 2p, 1% + 2p
10000,100,4121,No,No,null, 0.8% + 2p, 0.8% + 2p, 0.8% + 2p, 0.8% + 2p, 2.6% + 2p, 2.6% + 2p
101000,65,7230,No,No,null, 0.4% + 2.5p, 0.4% + 2.5p, 0.78% + 2.5p, 0.78% + 2.5p, 2.1% + 2.5p, 2.1% + 2.5p
100000,5000,8299,Yes,No,null, 0.4% + 2.5p, 0.4% + 2.5p, 0.78% + 2.5p, 0.78% + 2.5p, 2.1% + 2.5p, 2.1% + 2.5p
31000,2,3351,Yes,Yes,barclaycard, 1.75% + 0p, 1.75% + 0p, 1.75% + 0p, 1.75% + 0p, 1.75% + 0p, 1.75% + 0p
1000,6,4111,No,No,null, 0.8% + 2p, 0.8% + 2p, 0.8% + 2p, 0.8% + 2p, 2.6% + 2p, 2.6% + 2p
6000,20,6012,Yes,No,null, 0.8% + 2p, 0.8% + 2p, 0.8% + 2p, 0.8% + 2p, 2.6% + 2p, 2.6% + 2p
1500,55,5651,No,No,null, 1.69% + 0p, 1.69% + 0p, 1.69% + 0p, 1.69% + 0p, 1.69% + 0p, 1.69% + 0p
250000,200,742,Yes,No,null, 0.43% + 2.5p, 0.43% + 2.5p, 0.83% + 2.5p, 0.83% + 2.5p, 2% + 2.5p, 2% + 2.5p
300000,60,5812,No,Yes,globalpayments, 0.42% + 2p, 0.42% + 2p, 0.8% + 2p, 0.8% + 2p, 1.1% + 2p, 1.1% + 2p
200000,150,8043,Yes,Yes,lloyds, 0.4% + 2.5p, 0.4% + 2.5p, 0.78% + 2.5p, 0.78% + 2.5p, 2.1% + 2.5p, 2.1% + 2.5p
500,5,5942,No,No,null, 1.75% + 0p, 1.75% + 0p, 1.75% + 0p, 1.75% + 0p, 1.75% + 0p, 1.75% + 0p
100000,20,5812,Yes,Yes,Paymentsave, 0.55% + 2p, 0.55% + 2p, 0.9% + 2p, 0.9% + 2p, 1.25% + 2p, 1.25% + 2p
50000,20,5999,Yes,Yes,worldpay, 0.6% + 2p, 0.6% + 2p, 0.9% + 2p, 0.9% + 2p, 1.35% + 2p, 1.35% + 2p
1200000,7000,1520,Yes,No,null, 0.41% + 2.5p, 0.41% + 2.5p, 0.75% + 2.5p, 0.75% + 2.5p, 2% + 2.5p, 2% + 2.5p
220000,7,5441,Yes,Yes,Castles, 0.45% + 2p, 0.45% + 2p, 0.85% + 2p, 0.85% + 2p, 1.15% + 2p, 1.15% + 2p
20000,5000,8099,No,No,null, 1.5% + 0p, 1.5% + 0p, 1.5% + 0p, 1.5% + 0p, 1.5% + 0p, 1.5% + 0p
250000,20,5812,Yes,No,null, 0.4% + 3p, 0.4% + 3p, 0.9% + 3p, 0.9% + 3p, 2% + 3p, 2% + 3p
2000,23,7999,No,No,null, 0.8% + 2p, 0.8% + 2p, 0.8% + 2p, 0.8% + 2p, 2.6% + 2p, 2.6% + 2p
300000,89,8049,Yes,Yes,worldpay, 0.42% + 2p, 0.42% + 2p, 0.8% + 2p, 0.8% + 2p, 1.1% + 2p, 1.1% + 2p
200000,20,5943,Yes,Yes,worldpay, 0.42% + 3p, 0.42% + 3p, 0.96% + 3p, 0.96% + 3p, 1.45% + 3p, 1.45% + 3p
30000,300,7531,Yes,Yes,sumup, 0.8% + 2p, 0.8% + 2p, 0.8% + 2p, 0.8% + 2p, 2.6% + 2p, 2.6% + 2p
70000,60,5992,No,Yes,firstdata, 0.4% + 3p, 0.4% + 3p, 1% + 3p, 1% + 3p, 2.1% + 3p, 2.1% + 3p
10000,300,7538,No,No,null, 1.69% + 0p, 1.69% + 0p, 1.69% + 0p, 1.69% + 0p, 1.69% + 0p, 1.69% + 0p
50000,100,5200,Yes,No,null, 0.6% + 2p, 0.6% + 2p, 0.9% + 2p, 0.9% + 2p, 1.35% + 2p, 1.35% + 2p
5000,25,5812,No,Yes,paypal, 0.8% + 2p, 0.8% + 2p, 0.8% + 2p, 0.8% + 2p, 2.6% + 2p, 2.6% + 2p
600000,60,8042,Yes,Yes,dojo, 0.35% + 2p, 0.35% + 2p, 0.75% + 2p, 0.75% + 2p, 1% + 2p, 1% + 2p
4000,20,5812,No,No,null, 0.8% + 2p, 0.8% + 2p, 0.8% + 2p, 0.8% + 2p, 2.6% + 2p, 2.6% + 2p
55000,8000,5511,Yes,No,null, 0.5% + 3p, 0.5% + 3p, 1.2% + 3p, 1.2% + 3p, 2.2% + 3p, 2.2% + 3p
2000,15,5651,No,No,null, 1.75% + 0p, 1.75% + 0p, 1.75% + 0p, 1.75% + 0p, 1.75% + 0p, 1.75% + 0p
500,10,7999,No,Yes,sumup, 1.5% + 0p, 1.5% + 0p, 1.5% + 0p, 1.5% + 0p, 1.5% + 0p, 1.5% + 0p
40000,75,7531,Yes,No,null, 0.49% + 2.5p, 0.49% + 2.5p, 0.9% + 2.5p, 0.9% + 2.5p, 2.2% + 2.5p, 2.2% + 2.5p
400000,50,7230,No,No,null, 0.4% + 2p, 0.4% + 2p, 0.8% + 2p, 0.8% + 2p, 1.05% + 2p, 1.05% + 2p
50000,40,7230,No,No,null, 1.69% + 0p, 1.69% + 0p, 1.69% + 0p, 1.69% + 0p, 1.69% + 0p, 1.69% + 0p
100,20,5411,No,No,null, 1.69% + 0p, 1.69% + 0p, 1.69% + 0p, 1.69% + 0p, 1.69% + 0p, 1.69% + 0p
500000,300,5995,No,Yes,elavon, 0.4% + 2p, 0.4% + 2p, 0.8% + 2p, 0.8% + 2p, 1.05% + 2p, 1.05% + 2p
85000,100,7230,No,Yes,sumup, 1.5% + 0p, 1.5% + 0p, 1.5% + 0p, 1.5% + 0p, 1.5% + 0p, 1.5% + 0p
2000,10,5999,No,No,null, 1.5% + 0p, 1.5% + 0p, 1.5% + 0p, 1.5% + 0p, 1.5% + 0p, 1.5% + 0p
50000,300,5712,Yes,No,null, 0.6% + 2p, 0.6% + 2p, 0.9% + 2p, 0.9% + 2p, 1.35% + 2p, 1.35% + 2p
324000,500,5421,Yes,Yes,worldpay, 0.42% + 2p, 0.42% + 2p, 0.8% + 2p, 0.8% + 2p, 1.1% + 2p, 1.1% + 2p
70000,20,5812,No,No,null, 1.69% + 0p, 1.69% + 0p, 1.69% + 0p, 1.69% + 0p, 1.69% + 0p, 1.69% + 0p
250000,20,5814,Yes,Yes,dojo, 0.45% + 2p, 0.45% + 2p, 0.8% + 2p, 0.8% + 2p, 1.15% + 2p, 1.15% + 2p
500000,10,5812,Yes,Yes,dojo, 0.42% + 2.5p, 0.42% + 2.5p, 0.78% + 2.5p, 0.78% + 2.5p, 2% + 2.5p, 2% + 2.5p
60000,600,5631,No,Yes,square, 0.8% + 2p, 0.8% + 2p, 0.8% + 2p, 0.8% + 2p, 2.6% + 2p, 2.6% + 2p
100000,10,7372,Yes,Yes,worldpay, 0.42% + 3p, 0.42% + 3p, 0.96% + 3p, 0.96% + 3p, 1.45% + 3p, 1.45% + 3p
50000,30,8398,Yes,Yes,sumup, 1.75% + 0p, 1.75% + 0p, 1.75% + 0p, 1.75% + 0p, 1.75% + 0p, 1.75% + 0p
400000,10,5812,Yes,No,null, 0.4% + 2p, 0.4% + 2p, 0.8% + 2p, 0.8% + 2p, 1.05% + 2p, 1.05% + 2p
520000,26,5422,Yes,Yes,dojo, 0.35% + 2p, 0.35% + 2p, 0.75% + 2p, 0.75% + 2p, 1% + 2p, 1% + 2p
25000,110,7349,Yes,No,null, 1% + 0p, 1% + 0p, 1% + 0p, 1% + 0p, 1% + 0p, 1% + 0p
200,5,8398,No,No,null, 1.75% + 0p, 1.75% + 0p, 1.75% + 0p, 1.75% + 0p, 1.75% + 0p, 1.75% + 0p
10000,95,8043,No,No,null, 0.8% + 2p, 0.8% + 2p, 0.8% + 2p, 0.8% + 2p, 2.6% + 2p, 2.6% + 2p
8000,12,4121,No,No,null, 0.8% + 2p, 0.8% + 2p, 0.8% + 2p, 0.8% + 2p, 2.6% + 2p, 2.6% + 2p
50000,100,7230,No,No,null, 0.6% + 2p, 0.6% + 2p, 0.9% + 2p, 0.9% + 2p, 1.35% + 2p, 1.35% + 2p
38000,40,7230,Yes,Yes,sumup, 0.49% + 2.5p, 0.49% + 2.5p, 0.9% + 2.5p, 0.9% + 2.5p, 2.2% + 2.5p, 2.2% + 2.5p
30000,3,5462,No,Yes,sumup, 1.5% + 0p, 1.5% + 0p, 1.5% + 0p, 1.5% + 0p, 1.5% + 0p, 1.5% + 0p
100000,15,5812,No,No,null, 1.69% + 0p, 1.69% + 0p, 1.69% + 0p, 1.69% + 0p, 1.69% + 0p, 1.69% + 0p
20000,2000,7011,Yes,No,null, 1.69% + 0p, 1.69% + 0p, 1.69% + 0p, 1.69% + 0p, 1.69% + 0p, 1.69% + 0p
200000,10,5251,No,Yes,dojo, 0.45% + 2p, 0.45% + 2p, 0.85% + 2p, 0.85% + 2p, 1.15% + 2p, 1.15% + 2p
100000,100,5941,Yes,Yes,Clover, 0.39% + 3p, 0.39% + 3p, 0.89% + 3p, 0.89% + 3p, 1.75% + 3p, 1.75% + 3p
15000,15,5945,No,No,null, 0.8% + 2p, 0.8% + 2p, 0.8% + 2p, 0.8% + 2p, 2.6% + 2p, 2.6% + 2p
100000,500,8398,Yes,Yes,sumup, 1.75% + 0p, 1.75% + 0p, 1.75% + 0p, 1.75% + 0p, 1.75% + 0p, 1.75% + 0p
40000,7,5812,No,Yes,evo, 0.49% + 2.5p, 0.49% + 2.5p, 0.9% + 2.5p, 0.9% + 2.5p, 2.2% + 2.5p, 2.2% + 2.5p
50000,5,5912,Yes,Yes,lloyds, 0.6% + 2p, 0.6% + 2p, 0.9% + 2p, 0.9% + 2p, 1.35% + 2p, 1.35% + 2p
65000,10,4121,No,Yes,worldpay, 0.5% + 3p, 0.5% + 3p, 1.2% + 3p, 1.2% + 3p, 2.2% + 3p, 2.2% + 3p
1000,10,5467,No,No,null, 1.69% + 0p, 1.69% + 0p, 1.69% + 0p, 1.69% + 0p, 1.69% + 0p, 1.69% + 0p
20000,500,5033,Yes,No,null, 0.49% + 2.5p, 0.49% + 2.5p, 0.9% + 2.5p, 0.9% + 2.5p, 2.2% + 2.5p, 2.2% + 2.5p
60000,70,8021,Yes,Yes,barclaycard, 0.5% + 3p, 0.5% + 3p, 1.2% + 3p, 1.2% + 3p, 2.2% + 3p, 2.2% + 3p
3000,100,780,No,Yes,barclaycard, 1.69% + 0p, 1.69% + 0p, 1.69% + 0p, 1.69% + 0p, 1.69% + 0p, 1.69% + 0p
450000,30,5713,No,No,null, 1.75% + 0p, 1.75% + 0p, 1.75% + 0p, 1.75% + 0p, 1.75% + 0p, 1.75% + 0p
5000,12,5945,No,No,null, 1.5% + 0p, 1.5% + 0p, 1.5% + 0p, 1.5% + 0p, 1.5% + 0p, 1.5% + 0p
100000,45,7230,Yes,Yes,Clover, 0.39% + 3p, 0.39% + 3p, 0.89% + 3p, 0.89% + 3p, 1.75% + 3p, 1.75% + 3p
1000,15,5945,No,No,null, 0.8% + 2p, 0.8% + 2p, 0.8% + 2p, 0.8% + 2p, 2.6% + 2p, 2.6% + 2p
350000,12,5814,Yes,No,null, 0.42% + 2p, 0.42% + 2p, 0.8% + 2p, 0.8% + 2p, 1.1% + 2p, 1.1% + 2p
5000,12,4121,No,Yes,sumup, 0.8% + 2p, 0.8% + 2p, 0.8% + 2p, 0.8% + 2p, 2.6% + 2p, 2.6% + 2p
30000,120,1520,No,No,null, 0.49% + 2.5p, 0.49% + 2.5p, 0.9% + 2.5p, 0.9% + 2.5p, 2.2% + 2.5p, 2.2% + 2.5p
30000,30,7230,No,No,null, 0.49% + 2.5p, 0.49% + 2.5p, 0.9% + 2.5p, 0.9% + 2.5p, 2.2% + 2.5p, 2.2% + 2.5p
187500,1200,5211,Yes,Yes,worldpay, 0.4% + 3p, 0.4% + 3p, 0.9% + 3p, 0.9% + 3p, 2% + 3p, 2% + 3p
10000,500,5511,No,Yes,revolut, 1% + 0p, 1% + 0p, 1% + 0p, 1% + 0p, 1% + 0p, 1% + 0p
20000,5,8661,Yes,No,null, 1.69% + 0p, 1.69% + 0p, 1.69% + 0p, 1.69% + 0p, 1.69% + 0p, 1.69% + 0p
350000,30,5999,Yes,Yes,sumup, 0.39% + 3p, 0.39% + 3p, 0.89% + 3p, 0.89% + 3p, 1.75% + 3p, 1.75% + 3p
200000,125,7359,Yes,Yes,paymentsense, 0.4% + 2.5p, 0.4% + 2.5p, 0.78% + 2.5p, 0.78% + 2.5p, 2.1% + 2.5p, 2.1% + 2.5p
40000,180,7230,No,Yes,sumup, 0.8% + 2p, 0.8% + 2p, 0.8% + 2p, 0.8% + 2p, 2.6% + 2p, 2.6% + 2p
50000,100,5812,Yes,Yes,barclaycard, 0.49% + 2.5p, 0.49% + 2.5p, 0.9% + 2.5p, 0.9% + 2.5p, 2.2% + 2.5p, 2.2% + 2.5p
50000,15,7230,No,No,null, 0.65% + 2p, 0.65% + 2p, 1.05% + 2p, 1.05% + 2p, 1.4% + 2p, 1.4% + 2p
30000,6,5462,Yes,No,null, 1.5% + 0p, 1.5% + 0p, 1.5% + 0p, 1.5% + 0p, 1.5% + 0p, 1.5% + 0p
100000,2500,4789,No,Yes,worldpay, 0.55% + 2p, 0.55% + 2p, 0.9% + 2p, 0.9% + 2p, 1.25% + 2p, 1.25% + 2p
1000,5,7999,No,No,null, 1.75% + 0p, 1.75% + 0p, 1.75% + 0p, 1.75% + 0p, 1.75% + 0p, 1.75% + 0p
150000,15,5812,Yes,Yes,sumup, 0.4% + 2.5p, 0.4% + 2.5p, 0.78% + 2.5p, 0.78% + 2.5p, 2.1% + 2.5p, 2.1% + 2.5p
125000,500,8299,Yes,Yes,Paypal, 0.5% + 2p, 0.5% + 2p, 0.85% + 2p, 0.85% + 2p, 1.2% + 2p, 1.2% + 2p
25000,30,5812,No,No,null, 1.75% + 0p, 1.75% + 0p, 1.75% + 0p, 1.75% + 0p, 1.75% + 0p, 1.75% + 0p
200000,50,8021,Yes,No,null, 0.39% + 3p, 0.39% + 3p, 0.89% + 3p, 0.89% + 3p, 1.75% + 3p, 1.75% + 3p
60000,50,7230,No,Yes,sumup, 0.8% + 2p, 0.8% + 2p, 0.8% + 2p, 0.8% + 2p, 2.6% + 2p, 2.6% + 2p
260000,30,5812,No,Yes,sumup, 0.4% + 3p, 0.4% + 3p, 0.9% + 3p, 0.9% + 3p, 2% + 3p, 2% + 3p
50000,150,7299,Yes,Yes,Kroo, 0.8% + 2p, 0.8% + 2p, 0.8% + 2p, 0.8% + 2p, 2.6% + 2p, 2.6% + 2p
80000,15,5812,No,Yes,barclaycard, 0.49% + 2.5p, 0.49% + 2.5p, 0.9% + 2.5p, 0.9% + 2.5p, 2.2% + 2.5p, 2.2% + 2.5p
80000,15,5812,Yes,No,null, 0.8% + 2p, 0.8% + 2p, 0.8% + 2p, 0.8% + 2p, 2.6% + 2p, 2.6% + 2p
40000,55,5261,Yes,Yes,sumup, 0.8% + 2p, 0.8% + 2p, 0.8% + 2p, 0.8% + 2p, 2.6% + 2p, 2.6% + 2p
500,25,7999,No,No,null, 1.75% + 0p, 1.75% + 0p, 1.75% + 0p, 1.75% + 0p, 1.75% + 0p, 1.75% + 0p
200000,2500,1761,Yes,No,null, 0.42% + 3p, 0.42% + 3p, 0.96% + 3p, 0.96% + 3p, 1.45% + 3p, 1.45% + 3p
42300,90,5734,No,Yes,worldpay, 1.69% + 0p, 1.69% + 0p, 1.69% + 0p, 1.69% + 0p, 1.69% + 0p, 1.69% + 0p
400000,850,7379,Yes,No,null, 0.99% + 0p, 0.99% + 0p, 0.99% + 0p, 0.99% + 0p, 1.99% + 0p, 1.99% + 0p
500000,15,5812,No,No,null, 0.4% + 3p, 0.4% + 3p, 0.9% + 3p, 0.9% + 3p, 2% + 3p, 2% + 3p
854000,30,5812,Yes,Yes,barclaycard, 0.42% + 2.5p, 0.42% + 2.5p, 0.78% + 2.5p, 0.78% + 2.5p, 2% + 2.5p, 2% + 2.5p
300000,15,5812,Yes,Yes,Paymen , 0.42% + 2p, 0.42% + 2p, 0.8% + 2p, 0.8% + 2p, 1.1% + 2p, 1.1% + 2p
40000,10000,1520,Yes,Yes,sumup, 0.8% + 2p, 0.8% + 2p, 0.8% + 2p, 0.8% + 2p, 2.6% + 2p, 2.6% + 2p
120000,65,7011,No,Yes,globalpayments, 0.4% + 2.5p, 0.4% + 2.5p, 0.78% + 2.5p, 0.78% + 2.5p, 2.1% + 2.5p, 2.1% + 2.5p
1250000,30,5499,Yes,Yes,Square, 0.28% + 2p, 0.28% + 2p, 0.7% + 2p, 0.7% + 2p, 1% + 2p, 1% + 2p
4000,35,7372,Yes,No,null, 1.69% + 0p, 1.69% + 0p, 1.69% + 0p, 1.69% + 0p, 1.69% + 0p, 1.69% + 0p
50000,100,5533,No,No,null, 0.49% + 2.5p, 0.49% + 2.5p, 0.9% + 2.5p, 0.9% + 2.5p, 2.2% + 2.5p, 2.2% + 2.5p
240000,5,5921,Yes,No,null, 0.5% + 2p, 0.5% + 2p, 0.9% + 2p, 0.9% + 2p, 1.2% + 2p, 1.2% + 2p
2000,40,8661,Yes,Yes,sumup, 1.75% + 0p, 1.75% + 0p, 1.75% + 0p, 1.75% + 0p, 1.75% + 0p, 1.75% + 0p
80000,37,8049,No,Yes,Xln , 0.55% + 2p, 0.55% + 2p, 0.9% + 2p, 0.9% + 2p, 1.25% + 2p, 1.25% + 2p
200,200,5812,Yes,Yes,revolut, 1.69% + 0p, 1.69% + 0p, 1.69% + 0p, 1.69% + 0p, 1.69% + 0p, 1.69% + 0p
180000,20,5812,Yes,Yes,globalpayments, 0.4% + 2.5p, 0.4% + 2.5p, 0.78% + 2.5p, 0.78% + 2.5p, 2.1% + 2.5p, 2.1% + 2.5p
160000,10,5812,Yes,No,null, 0.5% + 2p, 0.5% + 2p, 0.95% + 2p, 0.95% + 2p, 1.2% + 2p, 1.2% + 2p
450000,30,5411,No,No,null, 0.4% + 2p, 0.4% + 2p, 0.8% + 2p, 0.8% + 2p, 1.05% + 2p, 1.05% + 2p
180000,165,7230,Yes,Yes,barclaycard, 0.4% + 2.5p, 0.4% + 2.5p, 0.78% + 2.5p, 0.78% + 2.5p, 2.1% + 2.5p, 2.1% + 2.5p
2000,15,5945,Yes,No,null, 1.75% + 0p, 1.75% + 0p, 1.75% + 0p, 1.75% + 0p, 1.75% + 0p, 1.75% + 0p
1500,12,5945,No,No,null, 1.5% + 0p, 1.5% + 0p, 1.5% + 0p, 1.5% + 0p, 1.5% + 0p, 1.5% + 0p
50000,10,5461,No,No,null, 0.65% + 2p, 0.65% + 2p, 1.05% + 2p, 1.05% + 2p, 1.4% + 2p, 1.4% + 2p
420000,400,7379,Yes,No,null, 0.4% + 2p, 0.4% + 2p, 0.8% + 2p, 0.8% + 2p, 1.05% + 2p, 1.05% + 2p
1000,25,4121,No,No,null, 1.69% + 0p, 1.69% + 0p, 1.69% + 0p, 1.69% + 0p, 1.69% + 0p, 1.69% + 0p
12000,5,8641,Yes,Yes,worldpay, 0.8% + 2p, 0.8% + 2p, 0.8% + 2p, 0.8% + 2p, 2.6% + 2p, 2.6% + 2p
100000,30,5812,No,No,null, 0.8% + 2p, 0.8% + 2p, 0.8% + 2p, 0.8% + 2p, 2.6% + 2p, 2.6% + 2p
1000000,100,5661,Yes,Yes,square, 1.69% + 0p, 1.69% + 0p, 1.69% + 0p, 1.69% + 0p, 1.69% + 0p, 1.69% + 0p
300000,450,5411,Yes,Yes,evo, 0.42% + 2p, 0.42% + 2p, 0.8% + 2p, 0.8% + 2p, 1.1% + 2p, 1.1% + 2p
55000,10,4121,No,No,null, 0.65% + 2p, 0.65% + 2p, 1.05% + 2p, 1.05% + 2p, 1.4% + 2p, 1.4% + 2p
100000,15,5977,Yes,Yes,barclaycard, 0.39% + 3p, 0.39% + 3p, 0.89% + 3p, 0.89% + 3p, 1.75% + 3p, 1.75% + 3p
320000,20,5943,Yes,Yes,dojo, 0.42% + 2p, 0.42% + 2p, 0.8% + 2p, 0.8% + 2p, 1.1% + 2p, 1.1% + 2p
15000,150,5941,Yes,No,null, 0.75% + 2p, 0.75% + 2p, 1.15% + 2p, 1.15% + 2p, 1.45% + 2p, 1.45% + 2p
90000,30,5734,Yes,Yes,Take payments , 0.42% + 3p, 0.42% + 3p, 0.96% + 3p, 0.96% + 3p, 1.45% + 3p, 1.45% + 3p
30000,12,7932,Yes,Yes,zettle, 0.5% + 3p, 0.5% + 3p, 1.2% + 3p, 1.2% + 3p, 2.2% + 3p, 2.2% + 3p
149000,200,7230,Yes,Yes,sumup, 0.4% + 2.5p, 0.4% + 2.5p, 0.78% + 2.5p, 0.78% + 2.5p, 2.1% + 2.5p, 2.1% + 2.5p
1000000,15,5411,Yes,Yes,dojo, 0.28% + 2p, 0.28% + 2p, 0.7% + 2p, 0.7% + 2p, 1% + 2p, 1% + 2p
22000,30,7230,No,No,null, 0.8% + 2p, 0.8% + 2p, 0.8% + 2p, 0.8% + 2p, 2.6% + 2p, 2.6% + 2p
20000,10000,5511,Yes,No,null, 1.39% + 3p, 1.39% + 3p, 1.39% + 3p, 1.39% + 3p, 1.99% + 3p, 1.99% + 3p
90000,5,5462,No,Yes,evo, 0.55% + 2p, 0.55% + 2p, 0.9% + 2p, 0.9% + 2p, 1.25% + 2p, 1.25% + 2p
80000,20,7349,No,Yes,dojo, 0.6% + 2p, 0.6% + 2p, 1% + 2p, 1% + 2p, 1.3% + 2p, 1.3% + 2p
250000,15,5812,Yes,Yes,worldpay, 0.45% + 2p, 0.45% + 2p, 0.8% + 2p, 0.8% + 2p, 1.15% + 2p, 1.15% + 2p
50000,20,5812,No,No,null, 0.65% + 2p, 0.65% + 2p, 1.05% + 2p, 1.05% + 2p, 1.4% + 2p, 1.4% + 2p
20000,20,5814,No,No,null, 0.8% + 2p, 0.8% + 2p, 0.8% + 2p, 0.8% + 2p, 2.6% + 2p, 2.6% + 2p
580000,20,5993,No,Yes,dojo, 0.35% + 2p, 0.35% + 2p, 0.75% + 2p, 0.75% + 2p, 1% + 2p, 1% + 2p
100000,1,5732,Yes,Yes,worldpay, 0.42% + 3p, 0.42% + 3p, 0.96% + 3p, 0.96% + 3p, 1.45% + 3p, 1.45% + 3p
325000,500,5712,Yes,Yes,elavon, 0.43% + 2.5p, 0.43% + 2.5p, 0.83% + 2.5p, 0.83% + 2.5p, 2% + 2.5p, 2% + 2.5p
135000,10,5912,Yes,Yes,worldpay, 0.4% + 3p, 0.4% + 3p, 1% + 3p, 1% + 3p, 2.1% + 3p, 2.1% + 3p
72000,15,5999,No,Yes,Paymentsense , 0.55% + 2p, 0.55% + 2p, 0.9% + 2p, 0.9% + 2p, 1.25% + 2p, 1.25% + 2p
400000,50,5814,No,No,null, 0.4% + 2p, 0.4% + 2p, 0.8% + 2p, 0.8% + 2p, 1.05% + 2p, 1.05% + 2p
178000,16,5812,No,Yes,Xln, 0.55% + 2p, 0.55% + 2p, 0.9% + 2p, 0.9% + 2p, 1.25% + 2p, 1.25% + 2p
600000,200,7399,Yes,Yes,teya payment solutions, 0.35% + 2p, 0.35% + 2p, 0.75% + 2p, 0.75% + 2p, 1% + 2p, 1% + 2p
125000,4000,5712,Yes,Yes,worldpay, 0.5% + 2p, 0.5% + 2p, 0.85% + 2p, 0.85% + 2p, 1.2% + 2p, 1.2% + 2p
1000,200,5814,No,No,null, 1.69% + 0p, 1.69% + 0p, 1.69% + 0p, 1.69% + 0p, 1.69% + 0p, 1.69% + 0p
30000,60,7542,Yes,No,null, 1.69% + 0p, 1.69% + 0p, 1.69% + 0p, 1.69% + 0p, 1.69% + 0p, 1.69% + 0p
320000,20,5943,Yes,Yes,evo, 0.42% + 2p, 0.42% + 2p, 0.8% + 2p, 0.8% + 2p, 1.1% + 2p, 1.1% + 2p
250000,14,5812,No,No,null, 1.5% + 0p, 1.5% + 0p, 1.5% + 0p, 1.5% + 0p, 1.5% + 0p, 1.5% + 0p
200000,200,5812,Yes,Yes,worldpay, 0.39% + 3p, 0.39% + 3p, 0.89% + 3p, 0.89% + 3p, 1.75% + 3p, 1.75% + 3p
340000,12,5812,Yes,No,null, 0.39% + 3p, 0.39% + 3p, 0.89% + 3p, 0.89% + 3p, 1.75% + 3p, 1.75% + 3p
25000,15,5993,No,No,null, 1.69% + 0p, 1.69% + 0p, 1.69% + 0p, 1.69% + 0p, 1.69% + 0p, 1.69% + 0p
70000,9,5812,Yes,Yes,worldpay, 0.6% + 2p, 0.6% + 2p, 0.9% + 2p, 0.9% + 2p, 1.35% + 2p, 1.35% + 2p
120000,150,5311,Yes,No,null, 1.2% + 0p, 1.2% + 0p, 1.2% + 0p, 1.2% + 0p, 2.2% + 0p, 2.2% + 0p
200000,750,5211,Yes,Yes,worldpay, 0.45% + 2p, 0.45% + 2p, 0.85% + 2p, 0.85% + 2p, 1.15% + 2p, 1.15% + 2p
128000,18,5812,No,Yes,dojo, 0.4% + 2.5p, 0.4% + 2.5p, 0.78% + 2.5p, 0.78% + 2.5p, 2.1% + 2.5p, 2.1% + 2.5p
50000,15,5814,Yes,No,null, 0.65% + 2p, 0.65% + 2p, 1.05% + 2p, 1.05% + 2p, 1.4% + 2p, 1.4% + 2p
1240000,22,5812,Yes,No,null, 0.41% + 2.5p, 0.41% + 2.5p, 0.75% + 2.5p, 0.75% + 2.5p, 2% + 2.5p, 2% + 2.5p
50000,20,5812,Yes,No,null, 0.65% + 2p, 0.65% + 2p, 1.05% + 2p, 1.05% + 2p, 1.4% + 2p, 1.4% + 2p
4752,12,7941,Yes,No,null, 1.75% + 0p, 1.75% + 0p, 1.75% + 0p, 1.75% + 0p, 1.75% + 0p, 1.75% + 0p
80000,100,5912,No,No,null, 0.49% + 2.5p, 0.49% + 2.5p, 0.9% + 2.5p, 0.9% + 2.5p, 2.2% + 2.5p, 2.2% + 2.5p
300000,5,5944,Yes,Yes,elavon, 0.42% + 2p, 0.42% + 2p, 0.8% + 2p, 0.8% + 2p, 1.1% + 2p, 1.1% + 2p
200000,15,5812,No,No,null, 0.5% + 2p, 0.5% + 2p, 0.95% + 2p, 0.95% + 2p, 1.2% + 2p, 1.2% + 2p
170000,100,5651,Yes,Yes,elavon, 0.4% + 2.5p, 0.4% + 2.5p, 0.78% + 2.5p, 0.78% + 2.5p, 2.1% + 2.5p, 2.1% + 2.5p
10000,10,7371,Yes,No,null, 1.69% + 0p, 1.69% + 0p, 1.69% + 0p, 1.69% + 0p, 1.69% + 0p, 1.69% + 0p
24000,5,4121,No,Yes,worldpay, 1% + 0p, 1% + 0p, 1% + 0p, 1% + 0p, 1% + 0p, 1% + 0p
60000,20,5814,No,No,null, 0.6% + 2p, 0.6% + 2p, 0.9% + 2p, 0.9% + 2p, 1.35% + 2p, 1.35% + 2p
200000,20,5999,Yes,Yes,barclaycard, 0.4% + 2.5p, 0.4% + 2.5p, 0.78% + 2.5p, 0.78% + 2.5p, 2.1% + 2.5p, 2.1% + 2.5p
200000,350,5511,Yes,Yes,sumup, 0.85% + 2p, 0.85% + 2p, 1.3% + 2p, 1.3% + 2p, 1.45% + 2p, 1.45% + 2p
200000,500,8111,No,Yes,barclaycard, 0.4% + 2.5p, 0.4% + 2.5p, 0.78% + 2.5p, 0.78% + 2.5p, 2.1% + 2.5p, 2.1% + 2.5p
120000,15,5814,No,No,null, 0.55% + 2p, 0.55% + 2p, 0.9% + 2p, 0.9% + 2p, 1.25% + 2p, 1.25% + 2p
75000,15,5814,No,Yes,Izettle, 0.55% + 2p, 0.55% + 2p, 0.9% + 2p, 0.9% + 2p, 1.25% + 2p, 1.25% + 2p
4000,25,5992,No,Yes,square, 0.8% + 2p, 0.8% + 2p, 0.8% + 2p, 0.8% + 2p, 2.6% + 2p, 2.6% + 2p
650000,150,8099,Yes,Yes,globalpayments, 0.35% + 2p, 0.35% + 2p, 0.75% + 2p, 0.75% + 2p, 1% + 2p, 1% + 2p
300000,13,5499,No,Yes,dojo, 0.42% + 2p, 0.42% + 2p, 0.8% + 2p, 0.8% + 2p, 1.1% + 2p, 1.1% + 2p
100000,15,5462,Yes,Yes,evo, 0.4% + 2.5p, 0.4% + 2.5p, 0.78% + 2.5p, 0.78% + 2.5p, 2.1% + 2.5p, 2.1% + 2.5p
15000,5,5812,No,Yes,sumup, 1.69% + 0p, 1.69% + 0p, 1.69% + 0p, 1.69% + 0p, 1.69% + 0p, 1.69% + 0p
50000,10,5813,Yes,No,null, 0.49% + 2.5p, 0.49% + 2.5p, 0.9% + 2.5p, 0.9% + 2.5p, 2.2% + 2.5p, 2.2% + 2.5p
180000,20,5499,Yes,Yes,globalpayments, 0.39% + 3p, 0.39% + 3p, 0.89% + 3p, 0.89% + 3p, 1.75% + 3p, 1.75% + 3p
20000,20,5993,No,No,null, 1.69% + 0p, 1.69% + 0p, 1.69% + 0p, 1.69% + 0p, 1.69% + 0p, 1.69% + 0p
1000,40,8043,No,No,null, 1.69% + 0p, 1.69% + 0p, 1.69% + 0p, 1.69% + 0p, 1.69% + 0p, 1.69% + 0p
70000,30,8042,Yes,Yes,worldpay, 0.39% + 3p, 0.39% + 3p, 0.89% + 3p, 0.89% + 3p, 1.75% + 3p, 1.75% + 3p
400000,150,7531,Yes,Yes,worldpay, 0.4% + 2p, 0.4% + 2p, 0.8% + 2p, 0.8% + 2p, 1.05% + 2p, 1.05% + 2p
300000,20,5812,Yes,Yes,zettle, 0.4% + 3p, 0.4% + 3p, 0.9% + 3p, 0.9% + 3p, 2% + 3p, 2% + 3p
550000,20,5812,No,No,null, 0.35% + 2p, 0.35% + 2p, 0.75% + 2p, 0.75% + 2p, 1% + 2p, 1% + 2p
200000,60,7538,Yes,Yes,worldpay, 0.42% + 3p, 0.42% + 3p, 0.96% + 3p, 0.96% + 3p, 1.45% + 3p, 1.45% + 3p
20000,75,8399,Yes,No,null, 1.69% + 0p, 1.69% + 0p, 1.69% + 0p, 1.69% + 0p, 1.69% + 0p, 1.69% + 0p
150000,300,5713,Yes,No,null, 0.42% + 3p, 0.42% + 3p, 0.96% + 3p, 0.96% + 3p, 1.45% + 3p, 1.45% + 3p
20000,14,7230,No,No,null, 0.8% + 2p, 0.8% + 2p, 0.8% + 2p, 0.8% + 2p, 2.6% + 2p, 2.6% + 2p
100000,15,5812,No,Yes,barclaycard, 0.4% + 2.5p, 0.4% + 2.5p, 0.78% + 2.5p, 0.78% + 2.5p, 2.1% + 2.5p, 2.1% + 2.5p
5000,4,5812,No,No,null, 1.75% + 0p, 1.75% + 0p, 1.75% + 0p, 1.75% + 0p, 1.75% + 0p, 1.75% + 0p
50000,31,7230,Yes,No,null, 0.6% + 2p, 0.6% + 2p, 0.9% + 2p, 0.9% + 2p, 1.35% + 2p, 1.35% + 2p
2400000,9000,5511,Yes,Yes,barclaycard, 0.41% + 2.5p, 0.41% + 2.5p, 0.75% + 2.5p, 0.75% + 2.5p, 2% + 2.5p, 2% + 2.5p
2000,10,7997,No,Yes,sumup, 0.8% + 2p, 0.8% + 2p, 0.8% + 2p, 0.8% + 2p, 2.6% + 2p, 2.6% + 2p
15000,40,752,No,No,null, 0.8% + 2p, 0.8% + 2p, 0.8% + 2p, 0.8% + 2p, 2.6% + 2p, 2.6% + 2p
200000,3000,5511,Yes,No,null, 0.45% + 2p, 0.45% + 2p, 0.85% + 2p, 0.85% + 2p, 1.15% + 2p, 1.15% + 2p
1000,10,5813,No,No,null, 1.69% + 0p, 1.69% + 0p, 1.69% + 0p, 1.69% + 0p, 1.69% + 0p, 1.69% + 0p
750000,100,5944,Yes,Yes,worldpay, 0.3% + 2p, 0.3% + 2p, 0.8% + 2p, 0.8% + 2p, 1% + 2p, 1% + 2p
280000,20,5814,No,No,null, 0.45% + 2p, 0.45% + 2p, 0.8% + 2p, 0.8% + 2p, 1.15% + 2p, 1.15% + 2p
250000,2500,5599,No,No,null, 0.99% + 0p, 0.99% + 0p, 0.99% + 0p, 0.99% + 0p, 1.99% + 0p, 1.99% + 0p
18000,52,7230,Yes,Yes,Stripe, 1% + 0p, 1% + 0p, 1% + 0p, 1% + 0p, 1% + 0p, 1% + 0p
80000,15,5812,Yes,No,null, 0.39% + 3p, 0.39% + 3p, 0.89% + 3p, 0.89% + 3p, 1.75% + 3p, 1.75% + 3p
4000,35,7997,No,No,null, 1.75% + 0p, 1.75% + 0p, 1.75% + 0p, 1.75% + 0p, 1.75% + 0p, 1.75% + 0p
75000,75,7230,No,No,null, 0.8% + 2p, 0.8% + 2p, 0.8% + 2p, 0.8% + 2p, 2.6% + 2p, 2.6% + 2p
250000,25,5941,No,No,null, 0.45% + 2p, 0.45% + 2p, 0.8% + 2p, 0.8% + 2p, 1.15% + 2p, 1.15% + 2p
100000,110,8021,Yes,No,null, 0.39% + 3p, 0.39% + 3p, 0.89% + 3p, 0.89% + 3p, 1.75% + 3p, 1.75% + 3p
2000,2,4722,No,No,null, 1.69% + 0p, 1.69% + 0p, 1.69% + 0p, 1.69% + 0p, 1.69% + 0p, 1.69% + 0p
20000,450,7349,Yes,Yes,worldpay, 1.5% + 0p, 1.5% + 0p, 1.5% + 0p, 1.5% + 0p, 1.5% + 0p, 1.5% + 0p
230000,60,5711,No,Yes,paymentsense, 0.4% + 3p, 0.4% + 3p, 1% + 3p, 1% + 3p, 2.1% + 3p, 2.1% + 3p
50000,1000,1520,Yes,No,null, 0.8% + 2p, 0.8% + 2p, 0.8% + 2p, 0.8% + 2p, 2.6% + 2p, 2.6% + 2p
80000,50,5734,Yes,No,null, 0.6% + 2p, 0.6% + 2p, 1% + 2p, 1% + 2p, 1.3% + 2p, 1.3% + 2p
100000,96,5732,Yes,Yes,sumup, 0.4% + 2.5p, 0.4% + 2.5p, 0.78% + 2.5p, 0.78% + 2.5p, 2.1% + 2.5p, 2.1% + 2.5p
50000,100,5944,Yes,No,null, 0.65% + 2p, 0.65% + 2p, 1.05% + 2p, 1.05% + 2p, 1.4% + 2p, 1.4% + 2p
75000,10,5734,Yes,Yes,Teya, 0.42% + 3p, 0.42% + 3p, 0.96% + 3p, 0.96% + 3p, 1.45% + 3p, 1.45% + 3p
40000,150,7531,No,Yes,Tap To Pay by NatWest, 0.49% + 2.5p, 0.49% + 2.5p, 0.9% + 2.5p, 0.9% + 2.5p, 2.2% + 2.5p, 2.2% + 2.5p
25000,400,6531,No,No,null, 0.8% + 2p, 0.8% + 2p, 0.8% + 2p, 0.8% + 2p, 2.6% + 2p, 2.6% + 2p
180000,20,5461,No,No,null, 0.45% + 2p, 0.45% + 2p, 0.85% + 2p, 0.85% + 2p, 1.15% + 2p, 1.15% + 2p
300000,260,5074,Yes,Yes,worldpay, 0.42% + 2p, 0.42% + 2p, 0.8% + 2p, 0.8% + 2p, 1.1% + 2p, 1.1% + 2p
130000,50,5734,Yes,Yes,worldpay, 0.42% + 3p, 0.42% + 3p, 0.96% + 3p, 0.96% + 3p, 1.45% + 3p, 1.45% + 3p
25000,17,5812,Yes,No,null, 1.5% + 0p, 1.5% + 0p, 1.5% + 0p, 1.5% + 0p, 1.5% + 0p, 1.5% + 0p
12000,15,7230,No,No,null, 0.8% + 2p, 0.8% + 2p, 0.8% + 2p, 0.8% + 2p, 2.6% + 2p, 2.6% + 2p
150000,12,5812,Yes,No,null, 0.4% + 2.5p, 0.4% + 2.5p, 0.78% + 2.5p, 0.78% + 2.5p, 2.1% + 2.5p, 2.1% + 2.5p
50000,2000,780,No,No,null, 1.69% + 0p, 1.69% + 0p, 1.69% + 0p, 1.69% + 0p, 1.69% + 0p, 1.69% + 0p
550000,10157,742,Yes,Yes,barclaycard, 0.4% + 3p, 0.4% + 3p, 0.9% + 3p, 0.9% + 3p, 2% + 3p, 2% + 3p
60000,30,7230,No,Yes,zettle, 0.65% + 2p, 0.65% + 2p, 1.05% + 2p, 1.05% + 2p, 1.4% + 2p, 1.4% + 2p
220000,5,5812,Yes,Yes,barclaycard, 0.4% + 2.5p, 0.4% + 2.5p, 0.78% + 2.5p, 0.78% + 2.5p, 2.1% + 2.5p, 2.1% + 2.5p
10000,12,5945,No,No,null, 1.69% + 0p, 1.69% + 0p, 1.69% + 0p, 1.69% + 0p, 1.69% + 0p, 1.69% + 0p
80000,340,7538,No,Yes,worldpay, 1.69% + 0p, 1.69% + 0p, 1.69% + 0p, 1.69% + 0p, 1.69% + 0p, 1.69% + 0p
40000,35,5651,Yes,Yes,sumup, 1.5% + 0p, 1.5% + 0p, 1.5% + 0p, 1.5% + 0p, 1.5% + 0p, 1.5% + 0p
100000,50,5999,Yes,Yes,zettle, 0.6% + 2p, 0.6% + 2p, 1% + 2p, 1% + 2p, 1.3% + 2p, 1.3% + 2p
5000,5,5311,No,No,null, 1.69% + 0p, 1.69% + 0p, 1.69% + 0p, 1.69% + 0p, 1.69% + 0p, 1.69% + 0p
150000,1500,4722,No,No,null, 0.8% + 2p, 0.8% + 2p, 0.8% + 2p, 0.8% + 2p, 2.6% + 2p, 2.6% + 2p
5000,1500,7349,No,No,null, 0.8% + 2p, 0.8% + 2p, 0.8% + 2p, 0.8% + 2p, 2.6% + 2p, 2.6% + 2p
1000000,150,5968,Yes,Yes,paypal, 1.5% + 0p, 1.5% + 0p, 1.5% + 0p, 1.5% + 0p, 1.5% + 0p, 1.5% + 0p
50000,15,5999,No,No,null, 1.69% + 0p, 1.69% + 0p, 1.69% + 0p, 1.69% + 0p, 1.69% + 0p, 1.69% + 0p
40000,16,5812,No,Yes,sumup, 1% + 0p, 1% + 0p, 1% + 0p, 1% + 0p, 2% + 0p, 2% + 0p
10000,10,5311,No,No,null, 0.85% + 2p, 0.85% + 2p, 1.3% + 2p, 1.3% + 2p, 1.45% + 2p, 1.45% + 2p
15000,45,8011,Yes,Yes,Stripe, 1.75% + 0p, 1.75% + 0p, 1.75% + 0p, 1.75% + 0p, 1.75% + 0p, 1.75% + 0p
40000,8,7997,No,No,null, 0.49% + 2.5p, 0.49% + 2.5p, 0.9% + 2.5p, 0.9% + 2.5p, 2.2% + 2.5p, 2.2% + 2.5p
40000,200,5812,No,Yes,globalpayments, 1.5% + 0p, 1.5% + 0p, 1.5% + 0p, 1.5% + 0p, 1.5% + 0p, 1.5% + 0p
100,15,5147,No,No,null, 1.5% + 0p, 1.5% + 0p, 1.5% + 0p, 1.5% + 0p, 1.5% + 0p, 1.5% + 0p
20000,35,8099,Yes,Yes,sumup, 1.5% + 0p, 1.5% + 0p, 1.5% + 0p, 1.5% + 0p, 1.5% + 0p, 1.5% + 0p
40000,20,5499,Yes,Yes,Clover, 1% + 0p, 1% + 0p, 1% + 0p, 1% + 0p, 1% + 0p, 1% + 0p
1200000,2000,5999,Yes,Yes,Stripe, 0.28% + 2p, 0.28% + 2p, 0.7% + 2p, 0.7% + 2p, 1% + 2p, 1% + 2p
20000,100,5074,Yes,Yes,paypal, 0.75% + 2p, 0.75% + 2p, 1.15% + 2p, 1.15% + 2p, 1.45% + 2p, 1.45% + 2p
67000,100,7230,No,No,null, 0.65% + 2p, 0.65% + 2p, 1.05% + 2p, 1.05% + 2p, 1.4% + 2p, 1.4% + 2p
50000,20,7216,Yes,No,null, 0.65% + 2p, 0.65% + 2p, 1.05% + 2p, 1.05% + 2p, 1.4% + 2p, 1.4% + 2p
12000,200,780,No,No,null, 1.5% + 0p, 1.5% + 0p, 1.5% + 0p, 1.5% + 0p, 1.5% + 0p, 1.5% + 0p
5000,500,5732,No,No,null, 0.8% + 2p, 0.8% + 2p, 0.8% + 2p, 0.8% + 2p, 2.6% + 2p, 2.6% + 2p
5000,50,780,No,No,null, 0.8% + 2p, 0.8% + 2p, 0.8% + 2p, 0.8% + 2p, 2.6% + 2p, 2.6% + 2p
15000,35,8049,No,No,null, 1.69% + 0p, 1.69% + 0p, 1.69% + 0p, 1.69% + 0p, 1.69% + 0p, 1.69% + 0p
1100000,9,7999,Yes,Yes,other, 0.28% + 2p, 0.28% + 2p, 0.7% + 2p, 0.7% + 2p, 1% + 2p, 1% + 2p
200000,20,5812,Yes,Yes,worldpay, 0.39% + 3p, 0.39% + 3p, 0.89% + 3p, 0.89% + 3p, 1.75% + 3p, 1.75% + 3p
25000,30,4121,No,No,null, 1% + 0p, 1% + 0p, 1% + 0p, 1% + 0p, 1% + 0p, 1% + 0p
60000,20,5999,Yes,Yes,barclaycard, 0.39% + 3p, 0.39% + 3p, 0.89% + 3p, 0.89% + 3p, 1.75% + 3p, 1.75% + 3p
45000,35,7230,No,Yes,sumup, 0.8% + 2p, 0.8% + 2p, 0.8% + 2p, 0.8% + 2p, 2.6% + 2p, 2.6% + 2p
6000000,40,8299,Yes,Yes,revolut, 0.27% + 2p, 0.27% + 2p, 0.55% + 2p, 0.55% + 2p, 0.95% + 2p, 0.95% + 2p
100000,48,8041,Yes,Yes,elavon, 0.6% + 2p, 0.6% + 2p, 1% + 2p, 1% + 2p, 1.3% + 2p, 1.3% + 2p
300000,14,5814,Yes,Yes,sumup, 0.42% + 2p, 0.42% + 2p, 0.8% + 2p, 0.8% + 2p, 1.1% + 2p, 1.1% + 2p
25000,450,4722,Yes,No,null, 1.75% + 0p, 1.75% + 0p, 1.75% + 0p, 1.75% + 0p, 1.75% + 0p, 1.75% + 0p
40000,150,7296,Yes,No,null, 1.5% + 0p, 1.5% + 0p, 1.5% + 0p, 1.5% + 0p, 1.5% + 0p, 1.5% + 0p
200000,60,5812,No,No,null, 0.4% + 2.5p, 0.4% + 2.5p, 0.78% + 2.5p, 0.78% + 2.5p, 2.1% + 2.5p, 2.1% + 2.5p
2000,15,5999,No,No,null, 1.69% + 0p, 1.69% + 0p, 1.69% + 0p, 1.69% + 0p, 1.69% + 0p, 1.69% + 0p
5000,100,4953,Yes,No,null, 1.5% + 0p, 1.5% + 0p, 1.5% + 0p, 1.5% + 0p, 1.5% + 0p, 1.5% + 0p
800,3,7941,No,No,null, 1.69% + 0p, 1.69% + 0p, 1.69% + 0p, 1.69% + 0p, 1.69% + 0p, 1.69% + 0p
1000000,76,5983,Yes,Yes,world pay, 0.4% + 3p, 0.4% + 3p, 0.9% + 3p, 0.9% + 3p, 2% + 3p, 2% + 3p
1000000,50,5499,Yes,Yes,Bambora, 0.28% + 2p, 0.28% + 2p, 0.7% + 2p, 0.7% + 2p, 1% + 2p, 1% + 2p
150000,35,7230,Yes,No,null, 0.4% + 2.5p, 0.4% + 2.5p, 0.78% + 2.5p, 0.78% + 2.5p, 2.1% + 2.5p, 2.1% + 2.5p
5000,30,1731,No,No,null, 1.69% + 0p, 1.69% + 0p, 1.69% + 0p, 1.69% + 0p, 1.69% + 0p, 1.69% + 0p
600000,16,5411,Yes,Yes,dojo, 0.35% + 2p, 0.35% + 2p, 0.75% + 2p, 0.75% + 2p, 1% + 2p, 1% + 2p
360000,10,5411,Yes,Yes,Paymentssense, 0.42% + 2p, 0.42% + 2p, 0.8% + 2p, 0.8% + 2p, 1.1% + 2p, 1.1% + 2p
80000,30,7230,Yes,Yes,., 0.55% + 2p, 0.55% + 2p, 0.9% + 2p, 0.9% + 2p, 1.25% + 2p, 1.25% + 2p
850000,18,5912,Yes,No,null, 0.3% + 2p, 0.3% + 2p, 0.8% + 2p, 0.8% + 2p, 1% + 2p, 1% + 2p
30000,40,8043,No,Yes,sumup, 1.69% + 0p, 1.69% + 0p, 1.69% + 0p, 1.69% + 0p, 1.69% + 0p, 1.69% + 0p
1600000,16,5813,Yes,Yes,Payment sence, 0.28% + 2p, 0.28% + 2p, 0.7% + 2p, 0.7% + 2p, 1% + 2p, 1% + 2p
45000,80,7699,No,Yes,Tide, 0.5% + 3p, 0.5% + 3p, 1.2% + 3p, 1.2% + 3p, 2.2% + 3p, 2.2% + 3p
150000,4000,5912,Yes,Yes,globalpayments, 0.4% + 2.5p, 0.4% + 2.5p, 0.78% + 2.5p, 0.78% + 2.5p, 2.1% + 2.5p, 2.1% + 2.5p
5000,20,8641,No,No,null, 1.75% + 0p, 1.75% + 0p, 1.75% + 0p, 1.75% + 0p, 1.75% + 0p, 1.75% + 0p
200000,20,1520,No,No,null, 0.4% + 2.5p, 0.4% + 2.5p, 0.78% + 2.5p, 0.78% + 2.5p, 2.1% + 2.5p, 2.1% + 2.5p
200000,20,5812,Yes,No,null, 0.39% + 3p, 0.39% + 3p, 0.89% + 3p, 0.89% + 3p, 1.75% + 3p, 1.75% + 3p
50000,50,5814,No,No,null, 0.65% + 2p, 0.65% + 2p, 1.05% + 2p, 1.05% + 2p, 1.4% + 2p, 1.4% + 2p
12000,20,5812,Yes,Yes,worldpay, 0.8% + 2p, 0.8% + 2p, 0.8% + 2p, 0.8% + 2p, 2.6% + 2p, 2.6% + 2p
12000,350,7298,Yes,No,null, 1.69% + 0p, 1.69% + 0p, 1.69% + 0p, 1.69% + 0p, 1.69% + 0p, 1.69% + 0p
60000,4000,780,Yes,Yes,sumup, 0.6% + 2p, 0.6% + 2p, 0.9% + 2p, 0.9% + 2p, 1.35% + 2p, 1.35% + 2p
3000,35,8049,No,No,null, 1.69% + 0p, 1.69% + 0p, 1.69% + 0p, 1.69% + 0p, 1.69% + 0p, 1.69% + 0p
1000,40,5814,No,No,null, 0.8% + 2p, 0.8% + 2p, 0.8% + 2p, 0.8% + 2p, 2.6% + 2p, 2.6% + 2p
10000,150,7338,No,No,null, 1.69% + 0p, 1.69% + 0p, 1.69% + 0p, 1.69% + 0p, 1.69% + 0p, 1.69% + 0p
30000,20,7299,No,No,null, 1.5% + 0p, 1.5% + 0p, 1.5% + 0p, 1.5% + 0p, 1.5% + 0p, 1.5% + 0p
5000,20,5945,No,No,null, 1.69% + 0p, 1.69% + 0p, 1.69% + 0p, 1.69% + 0p, 1.69% + 0p, 1.69% + 0p
12000,35,7230,No,No,null, 1.69% + 0p, 1.69% + 0p, 1.69% + 0p, 1.69% + 0p, 1.69% + 0p, 1.69% + 0p
100000,15,5812,No,No,null, 1.75% + 0p, 1.75% + 0p, 1.75% + 0p, 1.75% + 0p, 1.75% + 0p, 1.75% + 0p
900000,300,7011,Yes,No,null, 1.5% + 0p, 1.5% + 0p, 1.5% + 0p, 1.5% + 0p, 1.5% + 0p, 1.5% + 0p
8000,150,5812,No,No,null, 0.8% + 2p, 0.8% + 2p, 0.8% + 2p, 0.8% + 2p, 2.6% + 2p, 2.6% + 2p
22000,65,8099,No,Yes,sumup, 1% + 0p, 1% + 0p, 1% + 0p, 1% + 0p, 1% + 0p, 1% + 0p
120000,15,5411,No,Yes,Epos now, 0.4% + 2.5p, 0.4% + 2.5p, 0.78% + 2.5p, 0.78% + 2.5p, 2.1% + 2.5p, 2.1% + 2.5p
7500,10,5812,No,No,null, 0.8% + 2p, 0.8% + 2p, 0.8% + 2p, 0.8% + 2p, 2.6% + 2p, 2.6% + 2p
30000,10000,1520,Yes,No,null, 1.5% + 0p, 1.5% + 0p, 1.5% + 0p, 1.5% + 0p, 1.5% + 0p, 1.5% + 0p
40000,150,7011,Yes,Yes,Stripe, 0.49% + 2.5p, 0.49% + 2.5p, 0.9% + 2.5p, 0.9% + 2.5p, 2.2% + 2.5p, 2.2% + 2.5p
180000,55,7230,No,Yes,other, 0.4% + 2.5p, 0.4% + 2.5p, 0.78% + 2.5p, 0.78% + 2.5p, 2.1% + 2.5p, 2.1% + 2.5p
4000,4,7941,No,No,null, 1.75% + 0p, 1.75% + 0p, 1.75% + 0p, 1.75% + 0p, 1.75% + 0p, 1.75% + 0p
12000,55,7349,Yes,No,null, 1.69% + 0p, 1.69% + 0p, 1.69% + 0p, 1.69% + 0p, 1.69% + 0p, 1.69% + 0p
1300000,120,742,Yes,Yes,merchantservices, 0.4% + 3p, 0.4% + 3p, 0.9% + 3p, 0.9% + 3p, 2% + 3p, 2% + 3p
1000000,75,7299,Yes,Yes,Everypay, 0.28% + 2p, 0.28% + 2p, 0.7% + 2p, 0.7% + 2p, 1% + 2p, 1% + 2p
3000,38,8041,No,Yes,zettle, 0.8% + 2p, 0.8% + 2p, 0.8% + 2p, 0.8% + 2p, 2.6% + 2p, 2.6% + 2p
480000,20,5411,Yes,No,null, 0.4% + 2.5p, 0.4% + 2.5p, 0.78% + 2.5p, 0.78% + 2.5p, 2.1% + 2.5p, 2.1% + 2.5p
200000,100,5572,Yes,No,null, 1% + 0p, 1% + 0p, 1% + 0p, 1% + 0p, 1% + 0p, 1% + 0p
300000,200,7538,Yes,Yes,dojo, 0.42% + 2p, 0.42% + 2p, 0.8% + 2p, 0.8% + 2p, 1.1% + 2p, 1.1% + 2p
20000,20,8641,Yes,No,null, 1.5% + 0p, 1.5% + 0p, 1.5% + 0p, 1.5% + 0p, 1.5% + 0p, 1.5% + 0p
24000,45,8099,No,Yes,paypal, 0.8% + 2p, 0.8% + 2p, 0.8% + 2p, 0.8% + 2p, 2.6% + 2p, 2.6% + 2p
10000,20,5651,No,No,null, 1.69% + 0p, 1.69% + 0p, 1.69% + 0p, 1.69% + 0p, 1.69% + 0p, 1.69% + 0p
25000,10,5812,Yes,Yes,sumup, 0.75% + 2p, 0.75% + 2p, 1.15% + 2p, 1.15% + 2p, 1.45% + 2p, 1.45% + 2p
150000,40,5651,Yes,Yes,shopify, 0.4% + 2.5p, 0.4% + 2.5p, 0.78% + 2.5p, 0.78% + 2.5p, 2.1% + 2.5p, 2.1% + 2.5p
175000,50,5812,No,Yes,lloyds, 1% + 0p, 1% + 0p, 1% + 0p, 1% + 0p, 1% + 0p, 1% + 0p
60000,20,5932,Yes,Yes,Square, 0.39% + 3p, 0.39% + 3p, 0.89% + 3p, 0.89% + 3p, 1.75% + 3p, 1.75% + 3p
50000,90,4722,No,Yes,Lopay, 1.5% + 0p, 1.5% + 0p, 1.5% + 0p, 1.5% + 0p, 1.5% + 0p, 1.5% + 0p
75000,75,5462,Yes,No,null, 0.39% + 3p, 0.39% + 3p, 0.89% + 3p, 0.89% + 3p, 1.75% + 3p, 1.75% + 3p
400000,9,5947,Yes,Yes,teya, 0.4% + 2p, 0.4% + 2p, 0.8% + 2p, 0.8% + 2p, 1.05% + 2p, 1.05% + 2p
20000,100,8099,No,No,null, 1.69% + 0p, 1.69% + 0p, 1.69% + 0p, 1.69% + 0p, 1.69% + 0p, 1.69% + 0p
1000,50,7911,Yes,No,null, 1.69% + 0p, 1.69% + 0p, 1.69% + 0p, 1.69% + 0p, 1.69% + 0p, 1.69% + 0p
5000,40,5712,No,No,null, 1.5% + 0p, 1.5% + 0p, 1.5% + 0p, 1.5% + 0p, 1.5% + 0p, 1.5% + 0p
100000,60,5932,No,Yes,worldpay, 0.55% + 2p, 0.55% + 2p, 0.9% + 2p, 0.9% + 2p, 1.25% + 2p, 1.25% + 2p
2000,10,7911,No,No,null, 1.75% + 0p, 1.75% + 0p, 1.75% + 0p, 1.75% + 0p, 1.75% + 0p, 1.75% + 0p
1000,10,5812,Yes,No,null, 1.69% + 0p, 1.69% + 0p, 1.69% + 0p, 1.69% + 0p, 1.69% + 0p, 1.69% + 0p
7000,30,7230,No,No,null, 0.8% + 2p, 0.8% + 2p, 0.8% + 2p, 0.8% + 2p, 2.6% + 2p, 2.6% + 2p
15000,20,5812,Yes,Yes,worldpay, 1% + 0p, 1% + 0p, 1% + 0p, 1% + 0p, 1% + 0p, 1% + 0p
80000,20,5999,Yes,Yes,sumup, 0.39% + 3p, 0.39% + 3p, 0.89% + 3p, 0.89% + 3p, 1.75% + 3p, 1.75% + 3p
150000,80,5999,Yes,Yes,revolut, 0.39% + 3p, 0.39% + 3p, 0.89% + 3p, 0.89% + 3p, 1.75% + 3p, 1.75% + 3p
600000,80,5812,Yes,Yes,globalpayments, 0.35% + 2p, 0.35% + 2p, 0.75% + 2p, 0.75% + 2p, 1% + 2p, 1% + 2p
60000,30,4215,Yes,No,null, 0.65% + 2p, 0.65% + 2p, 1.05% + 2p, 1.05% + 2p, 1.4% + 2p, 1.4% + 2p
150000,10,5813,Yes,Yes,worldpay, 0.39% + 3p, 0.39% + 3p, 0.89% + 3p, 0.89% + 3p, 1.75% + 3p, 1.75% + 3p
10000,10,7216,No,Yes,elavon, 1.69% + 0p, 1.69% + 0p, 1.69% + 0p, 1.69% + 0p, 1.69% + 0p, 1.69% + 0p
300000,15,5814,No,Yes,worldpay, 0.42% + 2p, 0.42% + 2p, 0.8% + 2p, 0.8% + 2p, 1.1% + 2p, 1.1% + 2p
230000,20,5411,Yes,Yes,Square , 0.39% + 3p, 0.39% + 3p, 0.89% + 3p, 0.89% + 3p, 1.75% + 3p, 1.75% + 3p
27000,50,7230,No,Yes,paypal, 0.8% + 2p, 0.8% + 2p, 0.8% + 2p, 0.8% + 2p, 2.6% + 2p, 2.6% + 2p
15000,200,7531,No,Yes,worldpay, 0.8% + 2p, 0.8% + 2p, 0.8% + 2p, 0.8% + 2p, 2.6% + 2p, 2.6% + 2p
500000,30,5812,Yes,No,null, 0.4% + 2p, 0.4% + 2p, 0.8% + 2p, 0.8% + 2p, 1.05% + 2p, 1.05% + 2p
50000,15,5814,Yes,No,null, 0.8% + 2p, 0.8% + 2p, 0.8% + 2p, 0.8% + 2p, 2.6% + 2p, 2.6% + 2p
100000,35,5999,Yes,No,null, 0.4% + 2.5p, 0.4% + 2.5p, 0.78% + 2.5p, 0.78% + 2.5p, 2.1% + 2.5p, 2.1% + 2.5p
7000,30,7230,No,No,null, 1.69% + 0p, 1.69% + 0p, 1.69% + 0p, 1.69% + 0p, 1.69% + 0p, 1.69% + 0p
30000,90,7230,Yes,No,null, 1% + 0p, 1% + 0p, 1% + 0p, 1% + 0p, 1% + 0p, 1% + 0p
700000,30,5499,No,Yes,dojo, 1.69% + 0p, 1.69% + 0p, 1.69% + 0p, 1.69% + 0p, 1.69% + 0p, 1.69% + 0p
10000,2000,5812,Yes,No,null, 1.69% + 0p, 1.69% + 0p, 1.69% + 0p, 1.69% + 0p, 1.69% + 0p, 1.69% + 0p
400000,9,5812,Yes,Yes,elavon, 0.42% + 2p, 0.42% + 2p, 0.9% + 2p, 0.9% + 2p, 1.1% + 2p, 1.1% + 2p
3000,15,5945,No,No,null, 0.8% + 2p, 0.8% + 2p, 0.8% + 2p, 0.8% + 2p, 2.6% + 2p, 2.6% + 2p
1200000,50,5812,Yes,No,null, 0.28% + 2p, 0.28% + 2p, 0.7% + 2p, 0.7% + 2p, 1% + 2p, 1% + 2p
50000,100,8011,No,No,null, 0.8% + 2p, 0.8% + 2p, 0.8% + 2p, 0.8% + 2p, 2.6% + 2p, 2.6% + 2p
350000,285,7531,No,Yes,worldpay, 0.4% + 3p, 0.4% + 3p, 0.9% + 3p, 0.9% + 3p, 2% + 3p, 2% + 3p
150000,150,7392,Yes,No,null, 0.4% + 2.5p, 0.4% + 2.5p, 0.78% + 2.5p, 0.78% + 2.5p, 2.1% + 2.5p, 2.1% + 2.5p
200000,20,5812,No,No,null, 0.4% + 2.5p, 0.4% + 2.5p, 0.78% + 2.5p, 0.78% + 2.5p, 2.1% + 2.5p, 2.1% + 2.5p
200000,15,5812,Yes,Yes,dojo, 0.4% + 2.5p, 0.4% + 2.5p, 0.78% + 2.5p, 0.78% + 2.5p, 2.1% + 2.5p, 2.1% + 2.5p
15000,50,5999,No,No,null, 0.75% + 2p, 0.75% + 2p, 1.15% + 2p, 1.15% + 2p, 1.45% + 2p, 1.45% + 2p
250000,100,5651,Yes,Yes,Paymentsense, 0.39% + 3p, 0.39% + 3p, 0.89% + 3p, 0.89% + 3p, 1.75% + 3p, 1.75% + 3p
364000,10,5814,No,Yes,dojo, 0.42% + 2p, 0.42% + 2p, 0.8% + 2p, 0.8% + 2p, 1.1% + 2p, 1.1% + 2p
100000,15,5812,No,No,null, 0.8% + 2p, 0.8% + 2p, 0.8% + 2p, 0.8% + 2p, 2.6% + 2p, 2.6% + 2p
5000,1500,5713,No,No,null, 1.75% + 0p, 1.75% + 0p, 1.75% + 0p, 1.75% + 0p, 1.75% + 0p, 1.75% + 0p
10000,10,5460,Yes,No,null, 1.69% + 0p, 1.69% + 0p, 1.69% + 0p, 1.69% + 0p, 1.69% + 0p, 1.69% + 0p
1000,20,5812,Yes,No,null, 1.69% + 0p, 1.69% + 0p, 1.69% + 0p, 1.69% + 0p, 1.69% + 0p, 1.69% + 0p
450000,25,7216,Yes,Yes,worldpay, 0.39% + 3p, 0.39% + 3p, 0.89% + 3p, 0.89% + 3p, 1.75% + 3p, 1.75% + 3p
550000,50,5651,Yes,No,null, 0.35% + 2p, 0.35% + 2p, 0.75% + 2p, 0.75% + 2p, 1% + 2p, 1% + 2p
340000,12,5812,Yes,No,null, 0.39% + 3p, 0.39% + 3p, 0.89% + 3p, 0.89% + 3p, 1.75% + 3p, 1.75% + 3p
10000,10,7230,No,No,null, 0.8% + 2p, 0.8% + 2p, 0.8% + 2p, 0.8% + 2p, 2.6% + 2p, 2.6% + 2p
50000,157,5251,Yes,Yes,worldpay, 1.69% + 0p, 1.69% + 0p, 1.69% + 0p, 1.69% + 0p, 1.69% + 0p, 1.69% + 0p
150000,35,5999,No,Yes,Square, 0.4% + 2.5p, 0.4% + 2.5p, 0.78% + 2.5p, 0.78% + 2.5p, 2.1% + 2.5p, 2.1% + 2.5p
150000,2500,5651,No,Yes,sumup, 0.4% + 3p, 0.4% + 3p, 1% + 3p, 1% + 3p, 2.1% + 3p, 2.1% + 3p
20000,25,5814,No,Yes,barclaycard, 0.8% + 2p, 0.8% + 2p, 0.8% + 2p, 0.8% + 2p, 2.6% + 2p, 2.6% + 2p
25000,5,5812,No,No,null, 0.8% + 2p, 0.8% + 2p, 0.8% + 2p, 0.8% + 2p, 2.6% + 2p, 2.6% + 2p
20000,20,4121,No,Yes,sumup, 1% + 0p, 1% + 0p, 1% + 0p, 1% + 0p, 1% + 0p, 1% + 0p
100457,384,5712,Yes,Yes,barclaycard, 1.5% + 0p, 1.5% + 0p, 1.5% + 0p, 1.5% + 0p, 1.5% + 0p, 1.5% + 0p
25000,1000,1520,Yes,No,null, 1.5% + 0p, 1.5% + 0p, 1.5% + 0p, 1.5% + 0p, 1.5% + 0p, 1.5% + 0p
120000,111,5261,Yes,Yes,elavon, 0.4% + 3p, 0.4% + 3p, 1% + 3p, 1% + 3p, 2.1% + 3p, 2.1% + 3p
10000,250,7531,No,No,null, 0.8% + 2p, 0.8% + 2p, 0.8% + 2p, 0.8% + 2p, 2.6% + 2p, 2.6% + 2p
250000,500,5814,No,No,null, 0.99% + 0p, 0.99% + 0p, 0.99% + 0p, 0.99% + 0p, 1.99% + 0p, 1.99% + 0p
60000,12,5813,Yes,No,null, 0.39% + 3p, 0.39% + 3p, 0.89% + 3p, 0.89% + 3p, 1.75% + 3p, 1.75% + 3p
1000000,5,7375,No,Yes,Stripe, 0.41% + 2.5p, 0.41% + 2.5p, 0.75% + 2.5p, 0.75% + 2.5p, 2% + 2.5p, 2% + 2.5p
60000,20,5411,No,Yes,worldpay, 0.6% + 2p, 0.6% + 2p, 0.9% + 2p, 0.9% + 2p, 1.35% + 2p, 1.35% + 2p
550000,20,5812,Yes,No,null, 0.35% + 2p, 0.35% + 2p, 0.75% + 2p, 0.75% + 2p, 1% + 2p, 1% + 2p
500000,150,7538,Yes,Yes,worldpay, 0.4% + 2p, 0.4% + 2p, 0.8% + 2p, 0.8% + 2p, 1.05% + 2p, 1.05% + 2p
30000,20,5814,Yes,Yes,dojo, 1% + 0p, 1% + 0p, 1% + 0p, 1% + 0p, 1% + 0p, 1% + 0p
100000,20,5812,No,No,null, 0.4% + 2.5p, 0.4% + 2.5p, 0.78% + 2.5p, 0.78% + 2.5p, 2.1% + 2.5p, 2.1% + 2.5p
2000,20,5947,Yes,Yes,globalpayments, 1.69% + 0p, 1.69% + 0p, 1.69% + 0p, 1.69% + 0p, 1.69% + 0p, 1.69% + 0p
100000,25,5912,Yes,Yes,dojo, 0.39% + 3p, 0.39% + 3p, 0.89% + 3p, 0.89% + 3p, 1.75% + 3p, 1.75% + 3p
5000,250,1520,No,No,null, 0.8% + 2p, 0.8% + 2p, 0.8% + 2p, 0.8% + 2p, 2.6% + 2p, 2.6% + 2p
300000,15,5999,Yes,Yes,worldpay, 0.45% + 2p, 0.45% + 2p, 0.9% + 2p, 0.9% + 2p, 1.15% + 2p, 1.15% + 2p
20000,15,7298,Yes,Yes,firstdata, 0.8% + 2p, 0.8% + 2p, 0.8% + 2p, 0.8% + 2p, 2.6% + 2p, 2.6% + 2p
100000,20,4121,No,Yes,sumup, 1.5% + 0p, 1.5% + 0p, 1.5% + 0p, 1.5% + 0p, 1.5% + 0p, 1.5% + 0p
450000,19,5813,Yes,No,null, 0.4% + 2p, 0.4% + 2p, 0.8% + 2p, 0.8% + 2p, 1.05% + 2p, 1.05% + 2p
20000,20,6012,Yes,No,null, 1.5% + 0p, 1.5% + 0p, 1.5% + 0p, 1.5% + 0p, 1.5% + 0p, 1.5% + 0p
50000,100,5651,No,No,null, 0.49% + 2.5p, 0.49% + 2.5p, 0.9% + 2.5p, 0.9% + 2.5p, 2.2% + 2.5p, 2.2% + 2.5p
10000,90,752,No,No,null, 1.69% + 0p, 1.69% + 0p, 1.69% + 0p, 1.69% + 0p, 1.69% + 0p, 1.69% + 0p
150000,15,5812,Yes,No,null, 0.4% + 2.5p, 0.4% + 2.5p, 0.78% + 2.5p, 0.78% + 2.5p, 2.1% + 2.5p, 2.1% + 2.5p
2000000,6000,5812,Yes,No,null, 0.27% + 2p, 0.27% + 2p, 0.55% + 2p, 0.55% + 2p, 0.95% + 2p, 0.95% + 2p
200000,10000,5572,No,No,null, 0.4% + 2.5p, 0.4% + 2.5p, 0.78% + 2.5p, 0.78% + 2.5p, 2.1% + 2.5p, 2.1% + 2.5p
115000,70,5651,No,Yes,sumup, 0.4% + 2.5p, 0.4% + 2.5p, 0.78% + 2.5p, 0.78% + 2.5p, 2.1% + 2.5p, 2.1% + 2.5p
1000,10,7032,Yes,No,null, 1.75% + 0p, 1.75% + 0p, 1.75% + 0p, 1.75% + 0p, 1.75% + 0p, 1.75% + 0p
16000,70,7216,Yes,Yes,hsbc, 0.5% + 3p, 0.5% + 3p, 1.2% + 3p, 1.2% + 3p, 2.2% + 3p, 2.2% + 3p
260000,3,5411,No,Yes,Payment sense, 0.99% + 0p, 0.99% + 0p, 0.99% + 0p, 0.99% + 0p, 1.99% + 0p, 1.99% + 0p
1500,30,7230,No,No,null, 1.75% + 0p, 1.75% + 0p, 1.75% + 0p, 1.75% + 0p, 1.75% + 0p, 1.75% + 0p
400000,25,5812,Yes,No,null, 0.43% + 2.5p, 0.43% + 2.5p, 0.83% + 2.5p, 0.83% + 2.5p, 2% + 2.5p, 2% + 2.5p
120000,20,7230,No,Yes,Virgin, 0.4% + 2.5p, 0.4% + 2.5p, 0.78% + 2.5p, 0.78% + 2.5p, 2.1% + 2.5p, 2.1% + 2.5p
1100000,10,5499,Yes,Yes,dojo, 0.41% + 2.5p, 0.41% + 2.5p, 0.75% + 2.5p, 0.75% + 2.5p, 2% + 2.5p, 2% + 2.5p
125000,523,8011,Yes,Yes,firstdata, 0.8% + 2p, 0.8% + 2p, 0.8% + 2p, 0.8% + 2p, 2.6% + 2p, 2.6% + 2p
416000,15,5812,Yes,Yes,sumup, 0.39% + 3p, 0.39% + 3p, 0.89% + 3p, 0.89% + 3p, 1.75% + 3p, 1.75% + 3p
300000,200,1711,No,Yes,barclaycard, 0.43% + 2.5p, 0.43% + 2.5p, 0.83% + 2.5p, 0.83% + 2.5p, 2% + 2.5p, 2% + 2.5p
100000,25,5943,Yes,Yes,dojo, 0.4% + 2p, 0.4% + 2p, 0.8% + 2p, 0.8% + 2p, 1.05% + 2p, 1.05% + 2p
250000,80,7230,Yes,No,null, 0.39% + 3p, 0.39% + 3p, 0.89% + 3p, 0.89% + 3p, 1.75% + 3p, 1.75% + 3p
5000,50,7032,Yes,Yes,worldpay, 0.8% + 2p, 0.8% + 2p, 0.8% + 2p, 0.8% + 2p, 2.6% + 2p, 2.6% + 2p
20000,60,5661,No,No,null, 1.75% + 0p, 1.75% + 0p, 1.75% + 0p, 1.75% + 0p, 1.75% + 0p, 1.75% + 0p
80000,27,5999,Yes,Yes,Square, 0.39% + 3p, 0.39% + 3p, 0.89% + 3p, 0.89% + 3p, 1.75% + 3p, 1.75% + 3p
80000,30,5812,Yes,No,null, 1.5% + 0p, 1.5% + 0p, 1.5% + 0p, 1.5% + 0p, 1.5% + 0p, 1.5% + 0p
100000,5,7389,Yes,No,null, 0.99% + 0p, 0.99% + 0p, 0.99% + 0p, 0.99% + 0p, 1.99% + 0p, 1.99% + 0p
100000,8,7299,No,Yes,sumup, 0.4% + 2.5p, 0.4% + 2.5p, 0.78% + 2.5p, 0.78% + 2.5p, 2.1% + 2.5p, 2.1% + 2.5p
5000,10,5431,No,No,null, 1.75% + 0p, 1.75% + 0p, 1.75% + 0p, 1.75% + 0p, 1.75% + 0p, 1.75% + 0p
20000,15,7230,No,No,null, 1.69% + 0p, 1.69% + 0p, 1.69% + 0p, 1.69% + 0p, 1.69% + 0p, 1.69% + 0p
60000,2000,5039,Yes,Yes,evo, 0.42% + 3p, 0.42% + 3p, 0.96% + 3p, 0.96% + 3p, 1.45% + 3p, 1.45% + 3p
80000,200,5713,Yes,Yes,sumup, 0.42% + 3p, 0.42% + 3p, 0.96% + 3p, 0.96% + 3p, 1.45% + 3p, 1.45% + 3p
80000,25,5814,Yes,No,null, 0.6% + 2p, 0.6% + 2p, 1% + 2p, 1% + 2p, 1.3% + 2p, 1.3% + 2p
1000,20,7542,No,No,null, 1.69% + 0p, 1.69% + 0p, 1.69% + 0p, 1.69% + 0p, 1.69% + 0p, 1.69% + 0p
10000,1000,7011,Yes,No,null, 1.5% + 0p, 1.5% + 0p, 1.5% + 0p, 1.5% + 0p, 1.5% + 0p, 1.5% + 0p
50000,15,5999,Yes,Yes,sumup, 0.6% + 2p, 0.6% + 2p, 0.9% + 2p, 0.9% + 2p, 1.35% + 2p, 1.35% + 2p
450000,15,5411,Yes,Yes,Takepayments, 0.4% + 2p, 0.4% + 2p, 0.8% + 2p, 0.8% + 2p, 1.05% + 2p, 1.05% + 2p
40000,70,7230,No,No,null, 1.75% + 0p, 1.75% + 0p, 1.75% + 0p, 1.75% + 0p, 1.75% + 0p, 1.75% + 0p
1000,10,7997,No,No,null, 0.8% + 2p, 0.8% + 2p, 0.8% + 2p, 0.8% + 2p, 2.6% + 2p, 2.6% + 2p
50000,30,5651,Yes,Yes,barclaycard, 0.49% + 2.5p, 0.49% + 2.5p, 0.9% + 2.5p, 0.9% + 2.5p, 2.2% + 2.5p, 2.2% + 2.5p
50000,10,5912,Yes,No,null, 0.65% + 2p, 0.65% + 2p, 1.05% + 2p, 1.05% + 2p, 1.4% + 2p, 1.4% + 2p
50000,20,7542,Yes,No,null, 0.65% + 2p, 0.65% + 2p, 1.05% + 2p, 1.05% + 2p, 1.4% + 2p, 1.4% + 2p
200000,20,5462,Yes,No,null, 0.39% + 3p, 0.39% + 3p, 0.89% + 3p, 0.89% + 3p, 1.75% + 3p, 1.75% + 3p
50000,1000,1731,Yes,Yes,barclaycard, 0.5% + 3p, 0.5% + 3p, 1.2% + 3p, 1.2% + 3p, 2.2% + 3p, 2.2% + 3p
700000,8,5812,Yes,Yes,dojo, 0.35% + 2p, 0.35% + 2p, 0.75% + 2p, 0.75% + 2p, 1% + 2p, 1% + 2p
150000,300,4215,Yes,Yes,Tide, 0.42% + 3p, 0.42% + 3p, 0.96% + 3p, 0.96% + 3p, 1.45% + 3p, 1.45% + 3p
20000,1000,4789,No,Yes,lloyds, 1.69% + 0p, 1.69% + 0p, 1.69% + 0p, 1.69% + 0p, 1.69% + 0p, 1.69% + 0p
30000,5,8999,No,Yes,Stripe, 0.8% + 2p, 0.8% + 2p, 0.8% + 2p, 0.8% + 2p, 2.6% + 2p, 2.6% + 2p
88000,15,7211,Yes,Yes,elavon, 0.49% + 2.5p, 0.49% + 2.5p, 0.9% + 2.5p, 0.9% + 2.5p, 2.2% + 2.5p, 2.2% + 2.5p
15000,10,7941,Yes,Yes,sumup, 0.75% + 2p, 0.75% + 2p, 1.15% + 2p, 1.15% + 2p, 1.45% + 2p, 1.45% + 2p
120000,10,5812,Yes,No,null, 0.4% + 2.5p, 0.4% + 2.5p, 0.78% + 2.5p, 0.78% + 2.5p, 2.1% + 2.5p, 2.1% + 2.5p
1000,75,8099,No,No,null, 1.69% + 0p, 1.69% + 0p, 1.69% + 0p, 1.69% + 0p, 1.69% + 0p, 1.69% + 0p
200000,20,5812,Yes,Yes,barclaycard, 0.4% + 2.5p, 0.4% + 2.5p, 0.78% + 2.5p, 0.78% + 2.5p, 2.1% + 2.5p, 2.1% + 2.5p
75000,5,5399,Yes,Yes,sumup, 0.42% + 3p, 0.42% + 3p, 0.96% + 3p, 0.96% + 3p, 1.45% + 3p, 1.45% + 3p
1200000,10,5813,Yes,Yes,evo, 0.28% + 2p, 0.28% + 2p, 0.7% + 2p, 0.7% + 2p, 1% + 2p, 1% + 2p
250000,20,5814,No,Yes,dojo, 0.43% + 2.5p, 0.43% + 2.5p, 0.83% + 2.5p, 0.83% + 2.5p, 2% + 2.5p, 2% + 2.5p
400000,60,5651,Yes,Yes,elavon, 0.43% + 2.5p, 0.43% + 2.5p, 0.83% + 2.5p, 0.83% + 2.5p, 2% + 2.5p, 2% + 2.5p
500000,20,5921,No,Yes,evo, 0.4% + 2p, 0.4% + 2p, 0.8% + 2p, 0.8% + 2p, 1.05% + 2p, 1.05% + 2p
50000,70,7011,Yes,No,null, 1.69% + 0p, 1.69% + 0p, 1.69% + 0p, 1.69% + 0p, 1.69% + 0p, 1.69% + 0p
10000,5,2095,No,No,null, 1.5% + 0p, 1.5% + 0p, 1.5% + 0p, 1.5% + 0p, 1.5% + 0p, 1.5% + 0p
7000,25,5999,No,No,null, 1.69% + 0p, 1.69% + 0p, 1.69% + 0p, 1.69% + 0p, 1.69% + 0p, 1.69% + 0p
5000,10,7911,No,No,null, 0.8% + 2p, 0.8% + 2p, 0.8% + 2p, 0.8% + 2p, 2.6% + 2p, 2.6% + 2p
1500,50,5311,No,No,null, 1.75% + 0p, 1.75% + 0p, 1.75% + 0p, 1.75% + 0p, 1.75% + 0p, 1.75% + 0p
10000,60,7997,No,No,null, 0.8% + 2p, 0.8% + 2p, 0.8% + 2p, 0.8% + 2p, 2.6% + 2p, 2.6% + 2p
20000,40,8099,No,No,null, 1.5% + 0p, 1.5% + 0p, 1.5% + 0p, 1.5% + 0p, 1.5% + 0p, 1.5% + 0p
20000,200,6531,Yes,Yes,revolut, 1.69% + 0p, 1.69% + 0p, 1.69% + 0p, 1.69% + 0p, 1.69% + 0p, 1.69% + 0p
7000,10,5814,No,No,null, 1.5% + 0p, 1.5% + 0p, 1.5% + 0p, 1.5% + 0p, 1.5% + 0p, 1.5% + 0p
15,10,5999,No,No,null, 1.69% + 0p, 1.69% + 0p, 1.69% + 0p, 1.69% + 0p, 1.69% + 0p, 1.69% + 0p
40000,45,7299,No,No,null, 0.49% + 2.5p, 0.49% + 2.5p, 0.9% + 2.5p, 0.9% + 2.5p, 2.2% + 2.5p, 2.2% + 2.5p
500000,250,7538,No,Yes,globalpayments, 0.4% + 2p, 0.4% + 2p, 0.8% + 2p, 0.8% + 2p, 1.05% + 2p, 1.05% + 2p
6000,5,8398,No,No,null, 1.69% + 0p, 1.69% + 0p, 1.69% + 0p, 1.69% + 0p, 1.69% + 0p, 1.69% + 0p
600000,6,5993,Yes,Yes,Paypoint, 0.35% + 2p, 0.35% + 2p, 0.75% + 2p, 0.75% + 2p, 1% + 2p, 1% + 2p
1000,60,7997,Yes,No,null, 1.5% + 0p, 1.5% + 0p, 1.5% + 0p, 1.5% + 0p, 1.5% + 0p, 1.5% + 0p
190000,10,5411,No,No,null, 0.4% + 2.5p, 0.4% + 2.5p, 0.78% + 2.5p, 0.78% + 2.5p, 2.1% + 2.5p, 2.1% + 2.5p
900000,30,5813,Yes,Yes,allied Irish , 0.28% + 2p, 0.28% + 2p, 0.7% + 2p, 0.7% + 2p, 1% + 2p, 1% + 2p
150000,20,5942,No,Yes,Square, 0.4% + 2.5p, 0.4% + 2.5p, 0.78% + 2.5p, 0.78% + 2.5p, 2.1% + 2.5p, 2.1% + 2.5p
170000,9,5813,Yes,Yes,worldpay, 0.8% + 2p, 0.8% + 2p, 0.8% + 2p, 0.8% + 2p, 2.6% + 2p, 2.6% + 2p
570000,50,5941,No,Yes,Clover, 0.4% + 3p, 0.4% + 3p, 0.9% + 3p, 0.9% + 3p, 2% + 3p, 2% + 3p
75000,60,7230,Yes,Yes,square, 0.8% + 2p, 0.8% + 2p, 0.8% + 2p, 0.8% + 2p, 2.6% + 2p, 2.6% + 2p
15000,1000,8049,Yes,No,null, 1.69% + 0p, 1.69% + 0p, 1.69% + 0p, 1.69% + 0p, 1.69% + 0p, 1.69% + 0p
10000,20,8011,No,No,null, 1.69% + 0p, 1.69% + 0p, 1.69% + 0p, 1.69% + 0p, 1.69% + 0p, 1.69% + 0p
50000,7,5462,Yes,Yes,Zettle, 1% + 0p, 1% + 0p, 1% + 0p, 1% + 0p, 1% + 0p, 1% + 0p
150000,20,5814,Yes,Yes,globalpayments, 0.39% + 3p, 0.39% + 3p, 0.89% + 3p, 0.89% + 3p, 1.75% + 3p, 1.75% + 3p
48000,130,7997,Yes,Yes,Takepayments, 1.39% + 3p, 1.39% + 3p, 1.39% + 3p, 1.39% + 3p, 1.99% + 3p, 1.99% + 3p
3000,25,8299,No,No,null, 0.8% + 2p, 0.8% + 2p, 0.8% + 2p, 0.8% + 2p, 2.6% + 2p, 2.6% + 2p
108000,20,5993,No,Yes,barclaycard, 0.4% + 2.5p, 0.4% + 2.5p, 0.78% + 2.5p, 0.78% + 2.5p, 2.1% + 2.5p, 2.1% + 2.5p
20000,60,5999,No,Yes,evo, 1.69% + 0p, 1.69% + 0p, 1.69% + 0p, 1.69% + 0p, 1.69% + 0p, 1.69% + 0p
2100000,10,5812,Yes,Yes,dojo, 0.27% + 2p, 0.27% + 2p, 0.55% + 2p, 0.55% + 2p, 0.95% + 2p, 0.95% + 2p
100000,8,5912,Yes,Yes,barclaycard, 0.39% + 3p, 0.39% + 3p, 0.89% + 3p, 0.89% + 3p, 1.75% + 3p, 1.75% + 3p
150000,20,5651,No,Yes,Clover, 0.5% + 2p, 0.5% + 2p, 0.85% + 2p, 0.85% + 2p, 1.2% + 2p, 1.2% + 2p
150000,7,5812,Yes,Yes,dojo, 0.4% + 2.5p, 0.4% + 2.5p, 0.78% + 2.5p, 0.78% + 2.5p, 2.1% + 2.5p, 2.1% + 2.5p
30000,1000,1520,Yes,No,null, 0.8% + 2p, 0.8% + 2p, 0.8% + 2p, 0.8% + 2p, 2.6% + 2p, 2.6% + 2p
10000,10,5947,Yes,No,null, 1.5% + 0p, 1.5% + 0p, 1.5% + 0p, 1.5% + 0p, 1.5% + 0p, 1.5% + 0p
100000,150,3432,Yes,Yes,barclaycard, 1.75% + 0p, 1.75% + 0p, 1.75% + 0p, 1.75% + 0p, 1.75% + 0p, 1.75% + 0p
1500000,40,5655,No,Yes,Payment sense, 0.28% + 2p, 0.28% + 2p, 0.7% + 2p, 0.7% + 2p, 1% + 2p, 1% + 2p
50000,5000,7999,Yes,No,null, 0.8% + 2p, 0.8% + 2p, 0.8% + 2p, 0.8% + 2p, 2.6% + 2p, 2.6% + 2p
50000,1000,8021,Yes,No,null, 1% + 0p, 1% + 0p, 1% + 0p, 1% + 0p, 1% + 0p, 1% + 0p
3000,60,5651,Yes,Yes,Square, 1.69% + 0p, 1.69% + 0p, 1.69% + 0p, 1.69% + 0p, 1.69% + 0p, 1.69% + 0p
5000,10,8398,No,No,null, 0.8% + 2p, 0.8% + 2p, 0.8% + 2p, 0.8% + 2p, 2.6% + 2p, 2.6% + 2p
80000,110,5734,No,Yes,zettle, 0.5% + 3p, 0.5% + 3p, 1.2% + 3p, 1.2% + 3p, 2.2% + 3p, 2.2% + 3p
140000,10,5812,Yes,No,null, 0.39% + 3p, 0.39% + 3p, 0.89% + 3p, 0.89% + 3p, 1.75% + 3p, 1.75% + 3p
12000,5,5812,Yes,Yes,Clover, 1% + 0p, 1% + 0p, 1% + 0p, 1% + 0p, 1% + 0p, 1% + 0p
200000,10,8398,No,Yes,Square , 0.4% + 2.5p, 0.4% + 2.5p, 0.78% + 2.5p, 0.78% + 2.5p, 2.1% + 2.5p, 2.1% + 2.5p
15000,30,7375,Yes,Yes,Zettle, 1.69% + 0p, 1.69% + 0p, 1.69% + 0p, 1.69% + 0p, 1.69% + 0p, 1.69% + 0p
100000,7,5812,Yes,Yes,barclaycard, 0.4% + 2.5p, 0.4% + 2.5p, 0.78% + 2.5p, 0.78% + 2.5p, 2.1% + 2.5p, 2.1% + 2.5p
200000,15,5921,Yes,Yes,sumup, 0.39% + 3p, 0.39% + 3p, 0.89% + 3p, 0.89% + 3p, 1.75% + 3p, 1.75% + 3p
320000,50,5812,No,Yes,dojo, 0.43% + 2.5p, 0.43% + 2.5p, 0.83% + 2.5p, 0.83% + 2.5p, 2% + 2.5p, 2% + 2.5p
50000,25,5251,Yes,Yes,dojo, 0.49% + 2.5p, 0.49% + 2.5p, 0.9% + 2.5p, 0.9% + 2.5p, 2.2% + 2.5p, 2.2% + 2.5p
90000,900,7999,Yes,Yes,stripe, 0.49% + 2.5p, 0.49% + 2.5p, 0.9% + 2.5p, 0.9% + 2.5p, 2.2% + 2.5p, 2.2% + 2.5p
200000,1500,5511,Yes,Yes,barclaycard, 0.42% + 3p, 0.42% + 3p, 0.96% + 3p, 0.96% + 3p, 1.45% + 3p, 1.45% + 3p
200000,175,7538,Yes,No,null, 0.42% + 3p, 0.42% + 3p, 0.96% + 3p, 0.96% + 3p, 1.45% + 3p, 1.45% + 3p
500000,30,5411,Yes,Yes,dojo, 0.4% + 3p, 0.4% + 3p, 0.9% + 3p, 0.9% + 3p, 2% + 3p, 2% + 3p
20000,35,5651,No,No,null, 0.8% + 2p, 0.8% + 2p, 0.8% + 2p, 0.8% + 2p, 2.6% + 2p, 2.6% + 2p
750000,120,5533,No,No,null, 0.42% + 2.5p, 0.42% + 2.5p, 0.78% + 2.5p, 0.78% + 2.5p, 2% + 2.5p, 2% + 2.5p
80000,600,7542,Yes,Yes,worldpay, 0.42% + 3p, 0.42% + 3p, 0.96% + 3p, 0.96% + 3p, 1.45% + 3p, 1.45% + 3p
150000,10,5812,Yes,Yes,elavon, 0.39% + 3p, 0.39% + 3p, 0.89% + 3p, 0.89% + 3p, 1.75% + 3p, 1.75% + 3p
600000,65,5461,No,Yes,dojo, 0.4% + 3p, 0.4% + 3p, 0.9% + 3p, 0.9% + 3p, 2% + 3p, 2% + 3p
340000,12,5812,No,No,null, 1.75% + 0p, 1.75% + 0p, 1.75% + 0p, 1.75% + 0p, 1.75% + 0p, 1.75% + 0p
500000,15,7999,Yes,Yes,barclaycard, 0.39% + 3p, 0.39% + 3p, 0.89% + 3p, 0.89% + 3p, 1.75% + 3p, 1.75% + 3p
1000000,1000,5999,Yes,Yes,worldpay, 0.28% + 2p, 0.28% + 2p, 0.7% + 2p, 0.7% + 2p, 1% + 2p, 1% + 2p
25000,52,8099,Yes,Yes,zettle, 0.8% + 2p, 0.8% + 2p, 0.8% + 2p, 0.8% + 2p, 2.6% + 2p, 2.6% + 2p
15000,15,7230,No,Yes,sumup, 1% + 0p, 1% + 0p, 1% + 0p, 1% + 0p, 1% + 0p, 1% + 0p
48000,10,7933,Yes,No,null, 1.69% + 0p, 1.69% + 0p, 1.69% + 0p, 1.69% + 0p, 1.69% + 0p, 1.69% + 0p
3000,30,2051,No,Yes,revolut, 1.69% + 0p, 1.69% + 0p, 1.69% + 0p, 1.69% + 0p, 1.69% + 0p, 1.69% + 0p
20000,15,8099,Yes,No,null, 1.69% + 0p, 1.69% + 0p, 1.69% + 0p, 1.69% + 0p, 1.69% + 0p, 1.69% + 0p
70000,40,8041,Yes,No,null, 0.49% + 2.5p, 0.49% + 2.5p, 0.9% + 2.5p, 0.9% + 2.5p, 2.2% + 2.5p, 2.2% + 2.5p
500000,50,5813,Yes,Yes,worldpay, 0.39% + 3p, 0.39% + 3p, 0.89% + 3p, 0.89% + 3p, 1.75% + 3p, 1.75% + 3p
5000,300,7542,No,No,null, 1.75% + 0p, 1.75% + 0p, 1.75% + 0p, 1.75% + 0p, 1.75% + 0p, 1.75% + 0p
50000,20,5651,Yes,Yes,sumup, 1.75% + 0p, 1.75% + 0p, 1.75% + 0p, 1.75% + 0p, 1.75% + 0p, 1.75% + 0p
100000,100,7359,Yes,Yes,barclaycard, 0.4% + 3p, 0.4% + 3p, 1% + 3p, 1% + 3p, 2.1% + 3p, 2.1% + 3p
25000,2500,4722,No,Yes,Clover, 1.69% + 0p, 1.69% + 0p, 1.69% + 0p, 1.69% + 0p, 1.69% + 0p, 1.69% + 0p
5000,10,5947,No,No,null, 1.69% + 0p, 1.69% + 0p, 1.69% + 0p, 1.69% + 0p, 1.69% + 0p, 1.69% + 0p
5000,10,5999,No,No,null, 1.69% + 0p, 1.69% + 0p, 1.69% + 0p, 1.69% + 0p, 1.69% + 0p, 1.69% + 0p
200000,2,5461,Yes,No,null, 0.45% + 2p, 0.45% + 2p, 0.85% + 2p, 0.85% + 2p, 1.15% + 2p, 1.15% + 2p
150000,15,5812,Yes,No,null, 0.55% + 2p, 0.55% + 2p, 0.9% + 2p, 0.9% + 2p, 1.25% + 2p, 1.25% + 2p
100000,100,7999,Yes,Yes,globalpayments, 0.39% + 3p, 0.39% + 3p, 0.89% + 3p, 0.89% + 3p, 1.75% + 3p, 1.75% + 3p
35000,50,5995,No,Yes,Square, 0.49% + 2.5p, 0.49% + 2.5p, 0.9% + 2.5p, 0.9% + 2.5p, 2.2% + 2.5p, 2.2% + 2.5p
40000,12,5812,No,No,null, 0.7% + 2p, 0.7% + 2p, 1.1% + 2p, 1.1% + 2p, 1.4% + 2p, 1.4% + 2p
50000,15,5814,Yes,Yes,dojo, 0.65% + 2p, 0.65% + 2p, 1.05% + 2p, 1.05% + 2p, 1.4% + 2p, 1.4% + 2p
120000,20,5943,Yes,Yes,dojo, 0.4% + 2.5p, 0.4% + 2.5p, 0.78% + 2.5p, 0.78% + 2.5p, 2.1% + 2.5p, 2.1% + 2.5p
80000,250,4121,Yes,No,null, 0.49% + 2.5p, 0.49% + 2.5p, 0.9% + 2.5p, 0.9% + 2.5p, 2.2% + 2.5p, 2.2% + 2.5p
28000,20,5462,No,No,null, 1% + 0p, 1% + 0p, 1% + 0p, 1% + 0p, 1% + 0p, 1% + 0p
180000,90,5813,Yes,Yes,sumup, 0.39% + 3p, 0.39% + 3p, 0.89% + 3p, 0.89% + 3p, 1.75% + 3p, 1.75% + 3p
200000,100,7338,Yes,No,null, 0.4% + 2.5p, 0.4% + 2.5p, 0.78% + 2.5p, 0.78% + 2.5p, 2.1% + 2.5p, 2.1% + 2.5p
3000000,10000,5734,Yes,Yes,sumup, 0.27% + 2p, 0.27% + 2p, 0.55% + 2p, 0.55% + 2p, 0.95% + 2p, 0.95% + 2p
100000,1500,1750,Yes,No,null, 0.6% + 2p, 0.6% + 2p, 1% + 2p, 1% + 2p, 1.3% + 2p, 1.3% + 2p
60000,200,7230,Yes,No,null, 0.39% + 3p, 0.39% + 3p, 0.89% + 3p, 0.89% + 3p, 1.75% + 3p, 1.75% + 3p
130000,24,5999,No,Yes,dojo, 0.5% + 2p, 0.5% + 2p, 0.85% + 2p, 0.85% + 2p, 1.2% + 2p, 1.2% + 2p
15000,30,5651,No,No,null, 0.8% + 2p, 0.8% + 2p, 0.8% + 2p, 0.8% + 2p, 2.6% + 2p, 2.6% + 2p
200000,15,5813,Yes,Yes,Tap n go, 0.4% + 2.5p, 0.4% + 2.5p, 0.78% + 2.5p, 0.78% + 2.5p, 2.1% + 2.5p, 2.1% + 2.5p
50000,3,5462,Yes,Yes,worldpay, 1.69% + 0p, 1.69% + 0p, 1.69% + 0p, 1.69% + 0p, 1.69% + 0p, 1.69% + 0p
80000,10,5813,Yes,No,null, 0.49% + 2.5p, 0.49% + 2.5p, 0.9% + 2.5p, 0.9% + 2.5p, 2.2% + 2.5p, 2.2% + 2.5p
800000,20,5812,Yes,Yes,dojo, 0.28% + 2p, 0.28% + 2p, 0.7% + 2p, 0.7% + 2p, 1% + 2p, 1% + 2p
700000,8,5499,Yes,Yes,elavon, 0.35% + 2p, 0.35% + 2p, 0.75% + 2p, 0.75% + 2p, 1% + 2p, 1% + 2p
1000000,700,7538,Yes,Yes,worldpay, 0.28% + 2p, 0.28% + 2p, 0.7% + 2p, 0.7% + 2p, 1% + 2p, 1% + 2p
10000,10,5941,No,No,null, 1.5% + 0p, 1.5% + 0p, 1.5% + 0p, 1.5% + 0p, 1.5% + 0p, 1.5% + 0p
200000,20,5814,No,No,null, 0.45% + 2p, 0.45% + 2p, 0.85% + 2p, 0.85% + 2p, 1.15% + 2p, 1.15% + 2p
100000,15,5812,Yes,Yes,dojo, 0.39% + 3p, 0.39% + 3p, 0.89% + 3p, 0.89% + 3p, 1.75% + 3p, 1.75% + 3p
25000,30,5399,Yes,No,null, 1.5% + 0p, 1.5% + 0p, 1.5% + 0p, 1.5% + 0p, 1.5% + 0p, 1.5% + 0p
85000,40,752,Yes,No,null, 0.6% + 2p, 0.6% + 2p, 1% + 2p, 1% + 2p, 1.3% + 2p, 1.3% + 2p
250000,60,7538,Yes,Yes,dojo, 0.42% + 3p, 0.42% + 3p, 0.96% + 3p, 0.96% + 3p, 1.45% + 3p, 1.45% + 3p
1008,10,5699,No,No,null, 1.69% + 0p, 1.69% + 0p, 1.69% + 0p, 1.69% + 0p, 1.69% + 0p, 1.69% + 0p
80000,55,8099,Yes,Yes,sumup, 0.39% + 3p, 0.39% + 3p, 0.89% + 3p, 0.89% + 3p, 1.75% + 3p, 1.75% + 3p
995,15,5945,No,No,null, 1.75% + 0p, 1.75% + 0p, 1.75% + 0p, 1.75% + 0p, 1.75% + 0p, 1.75% + 0p
1000,26,7911,No,No,null, 1.69% + 0p, 1.69% + 0p, 1.69% + 0p, 1.69% + 0p, 1.69% + 0p, 1.69% + 0p
400000,1500,5021,Yes,Yes,barclaycard, 0.42% + 3p, 0.42% + 3p, 0.96% + 3p, 0.96% + 3p, 1.45% + 3p, 1.45% + 3p
35000,140,2741,Yes,Yes,worldpay, 0.5% + 3p, 0.5% + 3p, 1.2% + 3p, 1.2% + 3p, 2.2% + 3p, 2.2% + 3p
1200,10,8999,No,No,null, 1.69% + 0p, 1.69% + 0p, 1.69% + 0p, 1.69% + 0p, 1.69% + 0p, 1.69% + 0p
40000,250,6513,No,No,null, 0.49% + 2.5p, 0.49% + 2.5p, 0.9% + 2.5p, 0.9% + 2.5p, 2.2% + 2.5p, 2.2% + 2.5p
45000,2000,5712,Yes,Yes,elavon, 0.49% + 2.5p, 0.49% + 2.5p, 0.9% + 2.5p, 0.9% + 2.5p, 2.2% + 2.5p, 2.2% + 2.5p
60000,15,5211,Yes,Yes,Square, 0.65% + 2p, 0.65% + 2p, 1.05% + 2p, 1.05% + 2p, 1.4% + 2p, 1.4% + 2p
10000,40,8043,Yes,Yes,sumup, 1.5% + 0p, 1.5% + 0p, 1.5% + 0p, 1.5% + 0p, 1.5% + 0p, 1.5% + 0p
500,90,4121,No,Yes,sumup, 1.75% + 0p, 1.75% + 0p, 1.75% + 0p, 1.75% + 0p, 1.75% + 0p, 1.75% + 0p
100000,3000,5732,Yes,No,null, 0.55% + 2p, 0.55% + 2p, 0.9% + 2p, 0.9% + 2p, 1.25% + 2p, 1.25% + 2p
15000,250,8931,No,No,null, 1.5% + 0p, 1.5% + 0p, 1.5% + 0p, 1.5% + 0p, 1.5% + 0p, 1.5% + 0p
50000,20,5999,No,Yes,Square, 0.49% + 2.5p, 0.49% + 2.5p, 0.9% + 2.5p, 0.9% + 2.5p, 2.2% + 2.5p, 2.2% + 2.5p
200000,2000,5999,Yes,Yes,barclaycard, 0.4% + 2.5p, 0.4% + 2.5p, 0.78% + 2.5p, 0.78% + 2.5p, 2.1% + 2.5p, 2.1% + 2.5p
15000,150,7230,No,No,null, 1.5% + 0p, 1.5% + 0p, 1.5% + 0p, 1.5% + 0p, 1.5% + 0p, 1.5% + 0p
40000,25,7230,No,Yes,fresha, 0.5% + 3p, 0.5% + 3p, 1.2% + 3p, 1.2% + 3p, 2.2% + 3p, 2.2% + 3p
150000,560,7997,Yes,Yes,Take payments , 0.39% + 3p, 0.39% + 3p, 0.89% + 3p, 0.89% + 3p, 1.75% + 3p, 1.75% + 3p
70000,4,5814,No,Yes,sumup, 0.65% + 2p, 0.65% + 2p, 1.05% + 2p, 1.05% + 2p, 1.4% + 2p, 1.4% + 2p
250000,30,5812,Yes,No,null, 0.45% + 2p, 0.45% + 2p, 0.8% + 2p, 0.8% + 2p, 1.15% + 2p, 1.15% + 2p
30000,15,5921,No,Yes,barclaycard, 0.49% + 2.5p, 0.49% + 2.5p, 0.9% + 2.5p, 0.9% + 2.5p, 2.2% + 2.5p, 2.2% + 2.5p
100000,25,5812,No,Yes,barclaycard, 1% + 0p, 1% + 0p, 1% + 0p, 1% + 0p, 2% + 0p, 2% + 0p
180000,365,7699,Yes,No,null, 0.4% + 2.5p, 0.4% + 2.5p, 0.78% + 2.5p, 0.78% + 2.5p, 2.1% + 2.5p, 2.1% + 2.5p
200000,2500,7299,Yes,No,null, 0.39% + 3p, 0.39% + 3p, 0.89% + 3p, 0.89% + 3p, 1.75% + 3p, 1.75% + 3p
20000,15,5462,Yes,No,null, 1.69% + 0p, 1.69% + 0p, 1.69% + 0p, 1.69% + 0p, 1.69% + 0p, 1.69% + 0p
500000,20,5812,Yes,Yes,Clover, 0.42% + 2.5p, 0.42% + 2.5p, 0.78% + 2.5p, 0.78% + 2.5p, 2% + 2.5p, 2% + 2.5p
500000,50,5912,Yes,No,null, 0.39% + 3p, 0.39% + 3p, 0.89% + 3p, 0.89% + 3p, 1.75% + 3p, 1.75% + 3p
20000,10,4121,No,Yes,zettle, 0.8% + 2p, 0.8% + 2p, 0.8% + 2p, 0.8% + 2p, 2.6% + 2p, 2.6% + 2p
2000,10,8398,No,No,null, 0.85% + 2p, 0.85% + 2p, 1.3% + 2p, 1.3% + 2p, 1.45% + 2p, 1.45% + 2p
90000,20,5812,Yes,Yes,sumup, 0.39% + 3p, 0.39% + 3p, 0.89% + 3p, 0.89% + 3p, 1.75% + 3p, 1.75% + 3p
500000,20,5251,Yes,Yes,worldpay, 0.39% + 3p, 0.39% + 3p, 0.89% + 3p, 0.89% + 3p, 1.75% + 3p, 1.75% + 3p
190000,10,5912,No,Yes,globalpayments, 0.4% + 2.5p, 0.4% + 2.5p, 0.78% + 2.5p, 0.78% + 2.5p, 2.1% + 2.5p, 2.1% + 2.5p
25000,150,7011,Yes,Yes,elavon, 1.69% + 0p, 1.69% + 0p, 1.69% + 0p, 1.69% + 0p, 1.69% + 0p, 1.69% + 0p
130000,80,5999,Yes,Yes,barclaycard, 0.39% + 3p, 0.39% + 3p, 0.89% + 3p, 0.89% + 3p, 1.75% + 3p, 1.75% + 3p
15000,15,5812,No,No,null, 1.75% + 0p, 1.75% + 0p, 1.75% + 0p, 1.75% + 0p, 1.75% + 0p, 1.75% + 0p
100000,1000,7999,No,No,null, 0.4% + 2.5p, 0.4% + 2.5p, 0.78% + 2.5p, 0.78% + 2.5p, 2.1% + 2.5p, 2.1% + 2.5p
20000,150,7230,Yes,No,null, 1.69% + 0p, 1.69% + 0p, 1.69% + 0p, 1.69% + 0p, 1.69% + 0p, 1.69% + 0p
50000,20,5812,No,No,null, 0.49% + 2.5p, 0.49% + 2.5p, 0.9% + 2.5p, 0.9% + 2.5p, 2.2% + 2.5p, 2.2% + 2.5p
5000,50,8299,No,No,null, 1.69% + 0p, 1.69% + 0p, 1.69% + 0p, 1.69% + 0p, 1.69% + 0p, 1.69% + 0p
5000,30,5992,No,No,null, 1.5% + 0p, 1.5% + 0p, 1.5% + 0p, 1.5% + 0p, 1.5% + 0p, 1.5% + 0p
80000,10,5944,Yes,No,null, 0.55% + 2p, 0.55% + 2p, 0.9% + 2p, 0.9% + 2p, 1.25% + 2p, 1.25% + 2p
300000,50,8021,Yes,Yes,lloyds, 0.4% + 3p, 0.4% + 3p, 0.9% + 3p, 0.9% + 3p, 2% + 3p, 2% + 3p
20000,50,5812,Yes,No,null, 1% + 0p, 1% + 0p, 1% + 0p, 1% + 0p, 1% + 0p, 1% + 0p
950000,3000,5511,Yes,No,null, 0.4% + 3p, 0.4% + 3p, 0.9% + 3p, 0.9% + 3p, 2% + 3p, 2% + 3p
105000,10,5499,Yes,Yes,barclaycard, 0.39% + 3p, 0.39% + 3p, 0.89% + 3p, 0.89% + 3p, 1.75% + 3p, 1.75% + 3p
1000000,200,5712,Yes,No,null, 0.28% + 2p, 0.28% + 2p, 0.7% + 2p, 0.7% + 2p, 1% + 2p, 1% + 2p
480000,10,5499,Yes,Yes,lloyds, 0.4% + 2p, 0.4% + 2p, 0.8% + 2p, 0.8% + 2p, 1.05% + 2p, 1.05% + 2p
90000,300,5499,No,No,null, 1.75% + 0p, 1.75% + 0p, 1.75% + 0p, 1.75% + 0p, 1.75% + 0p, 1.75% + 0p
25000,7,5945,No,Yes,elavon, 0.8% + 2p, 0.8% + 2p, 0.8% + 2p, 0.8% + 2p, 2.6% + 2p, 2.6% + 2p
150000,70,5999,Yes,Yes,dojo, 0.39% + 3p, 0.39% + 3p, 0.89% + 3p, 0.89% + 3p, 1.75% + 3p, 1.75% + 3p
500000,4000,1711,Yes,No,null, 0.4% + 2p, 0.4% + 2p, 0.8% + 2p, 0.8% + 2p, 1.05% + 2p, 1.05% + 2p
500000,600,5030,Yes,Yes,elavon, 0.4% + 2p, 0.4% + 2p, 0.8% + 2p, 0.8% + 2p, 1.05% + 2p, 1.05% + 2p
3000,150,5074,Yes,Yes,PayaTrader, 1.69% + 0p, 1.69% + 0p, 1.69% + 0p, 1.69% + 0p, 1.69% + 0p, 1.69% + 0p
200000,20,5812,Yes,No,null, 0.39% + 3p, 0.39% + 3p, 0.89% + 3p, 0.89% + 3p, 1.75% + 3p, 1.75% + 3p
15000,5,5812,No,Yes,sumup, 1.69% + 0p, 1.69% + 0p, 1.69% + 0p, 1.69% + 0p, 1.69% + 0p, 1.69% + 0p
100000,200,7333,Yes,No,null, 1.75% + 0p, 1.75% + 0p, 1.75% + 0p, 1.75% + 0p, 1.75% + 0p, 1.75% + 0p
500000,10,5814,No,Yes,dojo, 0.4% + 2p, 0.4% + 2p, 0.8% + 2p, 0.8% + 2p, 1.05% + 2p, 1.05% + 2p
2000,5,4722,No,No,null, 1.75% + 0p, 1.75% + 0p, 1.75% + 0p, 1.75% + 0p, 1.75% + 0p, 1.75% + 0p
1400,6,4121,No,Yes,zettle, 0.8% + 2p, 0.8% + 2p, 0.8% + 2p, 0.8% + 2p, 2.6% + 2p, 2.6% + 2p
800,5,5999,No,No,null, 1.5% + 0p, 1.5% + 0p, 1.5% + 0p, 1.5% + 0p, 1.5% + 0p, 1.5% + 0p
200000,150,5812,Yes,Yes,barclaycard, 0.99% + 0p, 0.99% + 0p, 0.99% + 0p, 0.99% + 0p, 1.99% + 0p, 1.99% + 0p
1500,5,5812,No,No,null, 1.69% + 0p, 1.69% + 0p, 1.69% + 0p, 1.69% + 0p, 1.69% + 0p, 1.69% + 0p
120000,9,5814,Yes,Yes,barclaycard, 0.4% + 2.5p, 0.4% + 2.5p, 0.78% + 2.5p, 0.78% + 2.5p, 2.1% + 2.5p, 2.1% + 2.5p
15000,5,5947,No,Yes,dojo, 1.69% + 0p, 1.69% + 0p, 1.69% + 0p, 1.69% + 0p, 1.69% + 0p, 1.69% + 0p
220000,20,5812,Yes,Yes,sumup, 0.4% + 2.5p, 0.4% + 2.5p, 0.78% + 2.5p, 0.78% + 2.5p, 2.1% + 2.5p, 2.1% + 2.5p
15000,300,8111,Yes,Yes,worldpay, 1.69% + 0p, 1.69% + 0p, 1.69% + 0p, 1.69% + 0p, 1.69% + 0p, 1.69% + 0p
150000,560,7997,Yes,Yes,sumup, 0.39% + 3p, 0.39% + 3p, 0.89% + 3p, 0.89% + 3p, 1.75% + 3p, 1.75% + 3p
200000,20,5812,Yes,Yes,barclaycard, 0.4% + 2.5p, 0.4% + 2.5p, 0.78% + 2.5p, 0.78% + 2.5p, 2.1% + 2.5p, 2.1% + 2.5p
5000,10,8351,No,No,null, 1.69% + 0p, 1.69% + 0p, 1.69% + 0p, 1.69% + 0p, 1.69% + 0p, 1.69% + 0p
10000,4,5462,No,No,null, 1.69% + 0p, 1.69% + 0p, 1.69% + 0p, 1.69% + 0p, 1.69% + 0p, 1.69% + 0p
100000,1000,4722,Yes,Yes,sumup, 0.55% + 2p, 0.55% + 2p, 0.9% + 2p, 0.9% + 2p, 1.25% + 2p, 1.25% + 2p
200000,10,5462,Yes,Yes,worldpay, 0.45% + 2p, 0.45% + 2p, 0.85% + 2p, 0.85% + 2p, 1.15% + 2p, 1.15% + 2p
200000,12,5813,Yes,No,null, 0.45% + 2p, 0.45% + 2p, 0.85% + 2p, 0.85% + 2p, 1.15% + 2p, 1.15% + 2p
1500,10,5734,No,No,null, 1.69% + 0p, 1.69% + 0p, 1.69% + 0p, 1.69% + 0p, 1.69% + 0p, 1.69% + 0p
45000,10,5812,No,Yes,dojo, 0.49% + 2.5p, 0.49% + 2.5p, 0.9% + 2.5p, 0.9% + 2.5p, 2.2% + 2.5p, 2.2% + 2.5p
200000,10,5411,Yes,No,null, 0.39% + 3p, 0.39% + 3p, 0.89% + 3p, 0.89% + 3p, 1.75% + 3p, 1.75% + 3p
50000,15,5812,No,Yes,lloyds, 0.49% + 2.5p, 0.49% + 2.5p, 0.9% + 2.5p, 0.9% + 2.5p, 2.2% + 2.5p, 2.2% + 2.5p
100000,8,8099,Yes,Yes,worldpay, 0.39% + 3p, 0.39% + 3p, 0.89% + 3p, 0.89% + 3p, 1.75% + 3p, 1.75% + 3p
150000,275,8042,Yes,No,null, 0.4% + 2.5p, 0.4% + 2.5p, 0.78% + 2.5p, 0.78% + 2.5p, 2.1% + 2.5p, 2.1% + 2.5p
400000,30,5812,No,Yes,dojo, 0.4% + 3p, 0.4% + 3p, 0.9% + 3p, 0.9% + 3p, 2% + 3p, 2% + 3p
20,20,5812,No,Yes,barclaycard, 1.69% + 0p, 1.69% + 0p, 1.69% + 0p, 1.69% + 0p, 1.69% + 0p, 1.69% + 0p
200000,20,5812,Yes,Yes,revolut, 0.4% + 2.5p, 0.4% + 2.5p, 0.78% + 2.5p, 0.78% + 2.5p, 2.1% + 2.5p, 2.1% + 2.5p
10000,40,8211,No,No,null, 1.69% + 0p, 1.69% + 0p, 1.69% + 0p, 1.69% + 0p, 1.69% + 0p, 1.69% + 0p
100000,6,5812,No,Yes,sumup, 0.4% + 2.5p, 0.4% + 2.5p, 0.78% + 2.5p, 0.78% + 2.5p, 2.1% + 2.5p, 2.1% + 2.5p
300000,10,5813,Yes,Yes,dojo, 0.42% + 2p, 0.42% + 2p, 0.8% + 2p, 0.8% + 2p, 1.1% + 2p, 1.1% + 2p
4000,20,5147,No,Yes,lloyds, 1.5% + 0p, 1.5% + 0p, 1.5% + 0p, 1.5% + 0p, 1.5% + 0p, 1.5% + 0p
120000,20,7542,No,No,null, 1.5% + 0p, 1.5% + 0p, 1.5% + 0p, 1.5% + 0p, 1.5% + 0p, 1.5% + 0p
20000,15,5814,No,No,null, 1.5% + 0p, 1.5% + 0p, 1.5% + 0p, 1.5% + 0p, 1.5% + 0p, 1.5% + 0p
900,9,5651,No,No,null, 1.75% + 0p, 1.75% + 0p, 1.75% + 0p, 1.75% + 0p, 1.75% + 0p, 1.75% + 0p
120000,10,5812,No,Yes,evo, 0.4% + 2.5p, 0.4% + 2.5p, 0.78% + 2.5p, 0.78% + 2.5p, 2.1% + 2.5p, 2.1% + 2.5p
50000,845,8099,No,Yes,sumup, 0.49% + 2.5p, 0.49% + 2.5p, 0.9% + 2.5p, 0.9% + 2.5p, 2.2% + 2.5p, 2.2% + 2.5p
100000,180,8043,Yes,Yes,worldpay, 0.6% + 2p, 0.6% + 2p, 1% + 2p, 1% + 2p, 1.3% + 2p, 1.3% + 2p
170000,20,5999,No,Yes,elavon, 0.45% + 2p, 0.45% + 2p, 0.85% + 2p, 0.85% + 2p, 1.15% + 2p, 1.15% + 2p
2000,100,5812,Yes,No,null, 1.75% + 0p, 1.75% + 0p, 1.75% + 0p, 1.75% + 0p, 1.75% + 0p, 1.75% + 0p
2000,20,5999,No,Yes,square, 1.75% + 0p, 1.75% + 0p, 1.75% + 0p, 1.75% + 0p, 1.75% + 0p, 1.75% + 0p
450000,30,5411,No,No,null, 0.43% + 2.5p, 0.43% + 2.5p, 0.83% + 2.5p, 0.83% + 2.5p, 2% + 2.5p, 2% + 2.5p
800000,20,5813,Yes,Yes,Tyl - Natwest , 0.4% + 3p, 0.4% + 3p, 0.9% + 3p, 0.9% + 3p, 2% + 3p, 2% + 3p
80000,20,7997,No,Yes,worldpay, 0.55% + 2p, 0.55% + 2p, 0.9% + 2p, 0.9% + 2p, 1.25% + 2p, 1.25% + 2p
1000,5,8398,No,No,null, 0.8% + 2p, 0.8% + 2p, 0.8% + 2p, 0.8% + 2p, 2.6% + 2p, 2.6% + 2p
300000,10,5411,Yes,Yes,worldpay, 0.42% + 2p, 0.42% + 2p, 0.8% + 2p, 0.8% + 2p, 1.1% + 2p, 1.1% + 2p
30000,25,5812,Yes,No,null, 0.5% + 3p, 0.5% + 3p, 1.2% + 3p, 1.2% + 3p, 2.2% + 3p, 2.2% + 3p
40000,100,7296,Yes,No,null, 0.8% + 2p, 0.8% + 2p, 0.8% + 2p, 0.8% + 2p, 2.6% + 2p, 2.6% + 2p
500000,1000,5533,Yes,No,null, 0.42% + 2.5p, 0.42% + 2.5p, 0.78% + 2.5p, 0.78% + 2.5p, 2% + 2.5p, 2% + 2.5p
5000,10,7999,No,No,null, 1.69% + 0p, 1.69% + 0p, 1.69% + 0p, 1.69% + 0p, 1.69% + 0p, 1.69% + 0p
12000,20,7230,No,Yes,sumup, 1.5% + 0p, 1.5% + 0p, 1.5% + 0p, 1.5% + 0p, 1.5% + 0p, 1.5% + 0p
280000,15,5461,Yes,Yes,elavon, 0.45% + 2p, 0.45% + 2p, 0.8% + 2p, 0.8% + 2p, 1.15% + 2p, 1.15% + 2p
5000,25,5941,No,No,null, 1.75% + 0p, 1.75% + 0p, 1.75% + 0p, 1.75% + 0p, 1.75% + 0p, 1.75% + 0p
700000,15,5812,Yes,Yes,dojo, 0.36% + 3p, 0.36% + 3p, 0.81% + 3p, 0.81% + 3p, 1.69% + 3p, 1.69% + 3p
100000,10,5812,Yes,No,null, 0.4% + 2.5p, 0.4% + 2.5p, 0.78% + 2.5p, 0.78% + 2.5p, 2.1% + 2.5p, 2.1% + 2.5p
110000,50,7230,Yes,Yes,DNA payments , 0.39% + 3p, 0.39% + 3p, 0.89% + 3p, 0.89% + 3p, 1.75% + 3p, 1.75% + 3p
2000,25,5937,No,No,null, 1.69% + 0p, 1.69% + 0p, 1.69% + 0p, 1.69% + 0p, 1.69% + 0p, 1.69% + 0p
800000,2,8398,No,Yes,stripe, 0.99% + 0p, 0.99% + 0p, 0.99% + 0p, 0.99% + 0p, 1.99% + 0p, 1.99% + 0p
150000,50,5941,Yes,No,null, 0.4% + 3p, 0.4% + 3p, 1% + 3p, 1% + 3p, 2.1% + 3p, 2.1% + 3p
25000,60,5812,No,Yes,sumup, 1% + 0p, 1% + 0p, 1% + 0p, 1% + 0p, 1% + 0p, 1% + 0p
20000,65,8099,Yes,No,null, 1.69% + 0p, 1.69% + 0p, 1.69% + 0p, 1.69% + 0p, 1.69% + 0p, 1.69% + 0p
160000,10,5499,No,Yes,dojo, 0.42% + 2p, 0.42% + 2p, 0.8% + 2p, 0.8% + 2p, 1.1% + 2p, 1.1% + 2p
450000,20,5814,No,Yes,dojo, 0.4% + 2p, 0.4% + 2p, 0.8% + 2p, 0.8% + 2p, 1.05% + 2p, 1.05% + 2p
500000,20,5812,No,No,null, 0.55% + 2p, 0.55% + 2p, 0.9% + 2p, 0.9% + 2p, 1.25% + 2p, 1.25% + 2p
1000,50,7379,No,No,null, 1.5% + 0p, 1.5% + 0p, 1.5% + 0p, 1.5% + 0p, 1.5% + 0p, 1.5% + 0p
250000,200,5734,Yes,Yes,Paypoint, 0.42% + 3p, 0.42% + 3p, 0.96% + 3p, 0.96% + 3p, 1.45% + 3p, 1.45% + 3p
360000,2000,5074,Yes,Yes,worldpay, 0.42% + 2p, 0.42% + 2p, 0.8% + 2p, 0.8% + 2p, 1.1% + 2p, 1.1% + 2p
80000,23,5611,Yes,No,null, 0.55% + 2p, 0.55% + 2p, 0.9% + 2p, 0.9% + 2p, 1.25% + 2p, 1.25% + 2p
15000,50,5651,No,Yes,Nationwide bank , 1.5% + 0p, 1.5% + 0p, 1.5% + 0p, 1.5% + 0p, 1.5% + 0p, 1.5% + 0p
500,5,5462,No,No,null, 1.69% + 0p, 1.69% + 0p, 1.69% + 0p, 1.69% + 0p, 1.69% + 0p, 1.69% + 0p
250000,10,5812,Yes,Yes,barclaycard, 0.39% + 3p, 0.39% + 3p, 0.89% + 3p, 0.89% + 3p, 1.75% + 3p, 1.75% + 3p
46000,75,7230,No,No,null, 0.8% + 2p, 0.8% + 2p, 0.8% + 2p, 0.8% + 2p, 2.6% + 2p, 2.6% + 2p
400000,250,7296,Yes,Yes,globalpayments, 0.39% + 3p, 0.39% + 3p, 0.89% + 3p, 0.89% + 3p, 1.75% + 3p, 1.75% + 3p
240000,6,5251,Yes,Yes,sumup, 1.5% + 0p, 1.5% + 0p, 1.5% + 0p, 1.5% + 0p, 1.5% + 0p, 1.5% + 0p
100000,20,5192,Yes,Yes,lloyds, 0.4% + 2.5p, 0.4% + 2.5p, 0.78% + 2.5p, 0.78% + 2.5p, 2.1% + 2.5p, 2.1% + 2.5p
150000,5,5812,No,Yes,NatWest , 0.4% + 2.5p, 0.4% + 2.5p, 0.78% + 2.5p, 0.78% + 2.5p, 2.1% + 2.5p, 2.1% + 2.5p
1200000,3500,6051,Yes,Yes,other, 0.28% + 2p, 0.28% + 2p, 0.7% + 2p, 0.7% + 2p, 1% + 2p, 1% + 2p
15000,34,7298,No,Yes,worldpay, 1.69% + 0p, 1.69% + 0p, 1.69% + 0p, 1.69% + 0p, 1.69% + 0p, 1.69% + 0p
15000,10,5993,Yes,No,null, 1% + 0p, 1% + 0p, 1% + 0p, 1% + 0p, 1% + 0p, 1% + 0p
250000,20,7230,No,No,null, 0.45% + 2p, 0.45% + 2p, 0.8% + 2p, 0.8% + 2p, 1.15% + 2p, 1.15% + 2p
250000,50,5651,No,Yes,dojo, 0.45% + 2p, 0.45% + 2p, 0.8% + 2p, 0.8% + 2p, 1.15% + 2p, 1.15% + 2p
100,15,5941,Yes,No,null, 1.5% + 0p, 1.5% + 0p, 1.5% + 0p, 1.5% + 0p, 1.5% + 0p, 1.5% + 0p
100,100,7011,Yes,No,null, 1% + 0p, 1% + 0p, 1% + 0p, 1% + 0p, 1% + 0p, 1% + 0p
